hash,p,d,q,P,D,Q,s,AIC,MACAPE
84146,0.0,0.0,0.0,0.0,0.0,0.0,12.0,,
85057,0.0,0.0,0.0,0.0,0.0,1.0,12.0,,
85968,0.0,0.0,0.0,0.0,0.0,2.0,12.0,,
86879,0.0,0.0,0.0,0.0,0.0,3.0,12.0,,
13896,0.0,0.0,0.0,0.0,1.0,0.0,12.0,,
14807,0.0,0.0,0.0,0.0,1.0,1.0,12.0,-1038.22704414,0.00526891412963
15718,0.0,0.0,0.0,0.0,1.0,2.0,12.0,-1097.69223833,0.00430672556688
16629,0.0,0.0,0.0,0.0,1.0,3.0,12.0,,
98556,0.0,0.0,0.0,1.0,0.0,0.0,12.0,,
99467,0.0,0.0,0.0,1.0,0.0,1.0,12.0,,
359,0.0,0.0,0.0,1.0,0.0,2.0,12.0,,
1270,0.0,0.0,0.0,1.0,0.0,3.0,12.0,,
28306,0.0,0.0,0.0,1.0,1.0,0.0,12.0,-1188.7726428,0.00378745311257
29217,0.0,0.0,0.0,1.0,1.0,1.0,12.0,-1194.12993801,0.00363895317767
30128,0.0,0.0,0.0,1.0,1.0,2.0,12.0,-1185.7467637,0.00367695184552
31039,0.0,0.0,0.0,1.0,1.0,3.0,12.0,,
12947,0.0,0.0,0.0,2.0,0.0,0.0,12.0,,
13858,0.0,0.0,0.0,2.0,0.0,1.0,12.0,,
14769,0.0,0.0,0.0,2.0,0.0,2.0,12.0,,
15680,0.0,0.0,0.0,2.0,0.0,3.0,12.0,,
42716,0.0,0.0,0.0,2.0,1.0,0.0,12.0,-1194.78933305,0.00363595858397
43627,0.0,0.0,0.0,2.0,1.0,1.0,12.0,-1198.21911169,0.00361186925436
44538,0.0,0.0,0.0,2.0,1.0,2.0,12.0,-1195.11313281,0.00364854151962
45449,0.0,0.0,0.0,2.0,1.0,3.0,12.0,,
27357,0.0,0.0,0.0,3.0,0.0,0.0,12.0,,
28268,0.0,0.0,0.0,3.0,0.0,1.0,12.0,,
29179,0.0,0.0,0.0,3.0,0.0,2.0,12.0,,
30090,0.0,0.0,0.0,3.0,0.0,3.0,12.0,,
57126,0.0,0.0,0.0,3.0,1.0,0.0,12.0,-1194.00788413,0.00364237033301
58037,0.0,0.0,0.0,3.0,1.0,1.0,12.0,-1196.45132445,0.00365992213321
58948,0.0,0.0,0.0,3.0,1.0,2.0,12.0,-1190.67388181,0.00363272633122
59859,0.0,0.0,0.0,3.0,1.0,3.0,12.0,,
9148,0.0,0.0,1.0,0.0,0.0,0.0,12.0,,
10059,0.0,0.0,1.0,0.0,0.0,1.0,12.0,,
10970,0.0,0.0,1.0,0.0,0.0,2.0,12.0,,
11881,0.0,0.0,1.0,0.0,0.0,3.0,12.0,,
38917,0.0,0.0,1.0,0.0,1.0,0.0,12.0,-1130.09170096,0.00378544688648
39828,0.0,0.0,1.0,0.0,1.0,1.0,12.0,-1184.61049732,0.00325033813026
40739,0.0,0.0,1.0,0.0,1.0,2.0,12.0,-1234.02141135,0.00277770572871
41650,0.0,0.0,1.0,0.0,1.0,3.0,12.0,,
23558,0.0,0.0,1.0,1.0,0.0,0.0,12.0,,
24469,0.0,0.0,1.0,1.0,0.0,1.0,12.0,,
25380,0.0,0.0,1.0,1.0,0.0,2.0,12.0,,
26291,0.0,0.0,1.0,1.0,0.0,3.0,12.0,,
53327,0.0,0.0,1.0,1.0,1.0,0.0,12.0,-1279.42991147,0.00261375291791
54238,0.0,0.0,1.0,1.0,1.0,1.0,12.0,-1279.10851026,0.0025445015555
55149,0.0,0.0,1.0,1.0,1.0,2.0,12.0,-1288.12812511,0.0025841356443
56060,0.0,0.0,1.0,1.0,1.0,3.0,12.0,,
37968,0.0,0.0,1.0,2.0,0.0,0.0,12.0,,
38879,0.0,0.0,1.0,2.0,0.0,1.0,12.0,,
39790,0.0,0.0,1.0,2.0,0.0,2.0,12.0,,
40701,0.0,0.0,1.0,2.0,0.0,3.0,12.0,,
67737,0.0,0.0,1.0,2.0,1.0,0.0,12.0,-1303.48027761,0.00251814852862
68648,0.0,0.0,1.0,2.0,1.0,1.0,12.0,-1304.21597199,0.0024981296403
69559,0.0,0.0,1.0,2.0,1.0,2.0,12.0,-1298.57830961,0.00252537854295
70470,0.0,0.0,1.0,2.0,1.0,3.0,12.0,,
52378,0.0,0.0,1.0,3.0,0.0,0.0,12.0,,
53289,0.0,0.0,1.0,3.0,0.0,1.0,12.0,,
54200,0.0,0.0,1.0,3.0,0.0,2.0,12.0,,
55111,0.0,0.0,1.0,3.0,0.0,3.0,12.0,,
82147,0.0,0.0,1.0,3.0,1.0,0.0,12.0,-1300.71543851,0.00249613059976
83058,0.0,0.0,1.0,3.0,1.0,1.0,12.0,-1267.13653558,0.00249355692099
83969,0.0,0.0,1.0,3.0,1.0,2.0,12.0,-1295.37744448,0.00254978077974
84880,0.0,0.0,1.0,3.0,1.0,3.0,12.0,,
34169,0.0,0.0,2.0,0.0,0.0,0.0,12.0,,
35080,0.0,0.0,2.0,0.0,0.0,1.0,12.0,,
35991,0.0,0.0,2.0,0.0,0.0,2.0,12.0,,
36902,0.0,0.0,2.0,0.0,0.0,3.0,12.0,,
63938,0.0,0.0,2.0,0.0,1.0,0.0,12.0,,
64849,0.0,0.0,2.0,0.0,1.0,1.0,12.0,,
65760,0.0,0.0,2.0,0.0,1.0,2.0,12.0,,
66671,0.0,0.0,2.0,0.0,1.0,3.0,12.0,,
48579,0.0,0.0,2.0,1.0,0.0,0.0,12.0,,
49490,0.0,0.0,2.0,1.0,0.0,1.0,12.0,,
50401,0.0,0.0,2.0,1.0,0.0,2.0,12.0,,
51312,0.0,0.0,2.0,1.0,0.0,3.0,12.0,,
78348,0.0,0.0,2.0,1.0,1.0,0.0,12.0,,
79259,0.0,0.0,2.0,1.0,1.0,1.0,12.0,,
80170,0.0,0.0,2.0,1.0,1.0,2.0,12.0,,
81081,0.0,0.0,2.0,1.0,1.0,3.0,12.0,,
62989,0.0,0.0,2.0,2.0,0.0,0.0,12.0,,
63900,0.0,0.0,2.0,2.0,0.0,1.0,12.0,,
64811,0.0,0.0,2.0,2.0,0.0,2.0,12.0,,
65722,0.0,0.0,2.0,2.0,0.0,3.0,12.0,,
92758,0.0,0.0,2.0,2.0,1.0,0.0,12.0,,
93669,0.0,0.0,2.0,2.0,1.0,1.0,12.0,,
94580,0.0,0.0,2.0,2.0,1.0,2.0,12.0,,
95491,0.0,0.0,2.0,2.0,1.0,3.0,12.0,,
77399,0.0,0.0,2.0,3.0,0.0,0.0,12.0,,
78310,0.0,0.0,2.0,3.0,0.0,1.0,12.0,,
79221,0.0,0.0,2.0,3.0,0.0,2.0,12.0,,
80132,0.0,0.0,2.0,3.0,0.0,3.0,12.0,,
7149,0.0,0.0,2.0,3.0,1.0,0.0,12.0,,
8060,0.0,0.0,2.0,3.0,1.0,1.0,12.0,,
8971,0.0,0.0,2.0,3.0,1.0,2.0,12.0,,
9882,0.0,0.0,2.0,3.0,1.0,3.0,12.0,,
59190,0.0,0.0,3.0,0.0,0.0,0.0,12.0,,
60101,0.0,0.0,3.0,0.0,0.0,1.0,12.0,,
61012,0.0,0.0,3.0,0.0,0.0,2.0,12.0,,
61923,0.0,0.0,3.0,0.0,0.0,3.0,12.0,,
88959,0.0,0.0,3.0,0.0,1.0,0.0,12.0,,
89870,0.0,0.0,3.0,0.0,1.0,1.0,12.0,,
90781,0.0,0.0,3.0,0.0,1.0,2.0,12.0,,
91692,0.0,0.0,3.0,0.0,1.0,3.0,12.0,,
73600,0.0,0.0,3.0,1.0,0.0,0.0,12.0,,
74511,0.0,0.0,3.0,1.0,0.0,1.0,12.0,,
75422,0.0,0.0,3.0,1.0,0.0,2.0,12.0,,
76333,0.0,0.0,3.0,1.0,0.0,3.0,12.0,,
3350,0.0,0.0,3.0,1.0,1.0,0.0,12.0,,
4261,0.0,0.0,3.0,1.0,1.0,1.0,12.0,,
5172,0.0,0.0,3.0,1.0,1.0,2.0,12.0,,
6083,0.0,0.0,3.0,1.0,1.0,3.0,12.0,,
88010,0.0,0.0,3.0,2.0,0.0,0.0,12.0,,
88921,0.0,0.0,3.0,2.0,0.0,1.0,12.0,,
89832,0.0,0.0,3.0,2.0,0.0,2.0,12.0,,
90743,0.0,0.0,3.0,2.0,0.0,3.0,12.0,,
17760,0.0,0.0,3.0,2.0,1.0,0.0,12.0,,
18671,0.0,0.0,3.0,2.0,1.0,1.0,12.0,,
19582,0.0,0.0,3.0,2.0,1.0,2.0,12.0,,
20493,0.0,0.0,3.0,2.0,1.0,3.0,12.0,,
2401,0.0,0.0,3.0,3.0,0.0,0.0,12.0,,
3312,0.0,0.0,3.0,3.0,0.0,1.0,12.0,,
4223,0.0,0.0,3.0,3.0,0.0,2.0,12.0,,
5134,0.0,0.0,3.0,3.0,0.0,3.0,12.0,,
32170,0.0,0.0,3.0,3.0,1.0,0.0,12.0,,
33081,0.0,0.0,3.0,3.0,1.0,1.0,12.0,,
33992,0.0,0.0,3.0,3.0,1.0,2.0,12.0,,
34903,0.0,0.0,3.0,3.0,1.0,3.0,12.0,,
73945,0.0,1.0,0.0,0.0,0.0,0.0,12.0,,
74856,0.0,1.0,0.0,0.0,0.0,1.0,12.0,-1271.45261214,0.00241700522451
75767,0.0,1.0,0.0,0.0,0.0,2.0,12.0,,
76678,0.0,1.0,0.0,0.0,0.0,3.0,12.0,,
3695,0.0,1.0,0.0,0.0,1.0,0.0,12.0,,
4606,0.0,1.0,0.0,0.0,1.0,1.0,12.0,-1578.6371713,0.00101961392072
5517,0.0,1.0,0.0,0.0,1.0,2.0,12.0,-1576.40986917,0.00101384390187
6428,0.0,1.0,0.0,0.0,1.0,3.0,12.0,-1579.88956051,0.00103457634765
88355,0.0,1.0,0.0,1.0,0.0,0.0,12.0,-1612.50177386,0.00102995405517
89266,0.0,1.0,0.0,1.0,0.0,1.0,12.0,-1639.2460049,0.000983442914467
90177,0.0,1.0,0.0,1.0,0.0,2.0,12.0,-1644.4647659,0.000999624655265
91088,0.0,1.0,0.0,1.0,0.0,3.0,12.0,,
18105,0.0,1.0,0.0,1.0,1.0,0.0,12.0,-1580.25132762,0.00102895048194
19016,0.0,1.0,0.0,1.0,1.0,1.0,12.0,-1576.53949557,0.00102075448091
19927,0.0,1.0,0.0,1.0,1.0,2.0,12.0,-1572.56875721,0.00102000614563
20838,0.0,1.0,0.0,1.0,1.0,3.0,12.0,-1579.22196035,0.00103178744484
2746,0.0,1.0,0.0,2.0,0.0,0.0,12.0,-1645.73030924,0.00101356042071
3657,0.0,1.0,0.0,2.0,0.0,1.0,12.0,-1639.40464131,0.000989503366944
4568,0.0,1.0,0.0,2.0,0.0,2.0,12.0,-1643.37702067,0.00100028153199
5479,0.0,1.0,0.0,2.0,0.0,3.0,12.0,,
32515,0.0,1.0,0.0,2.0,1.0,0.0,12.0,-1576.43227318,0.00102691333163
33426,0.0,1.0,0.0,2.0,1.0,1.0,12.0,-1574.22944796,0.0010197240488
34337,0.0,1.0,0.0,2.0,1.0,2.0,12.0,-1569.26329018,0.00102635079012
35248,0.0,1.0,0.0,2.0,1.0,3.0,12.0,-1574.07575064,0.00104726076368
17156,0.0,1.0,0.0,3.0,0.0,0.0,12.0,-1639.31592285,0.00100432315685
18067,0.0,1.0,0.0,3.0,0.0,1.0,12.0,-1637.09413111,0.000991717973631
18978,0.0,1.0,0.0,3.0,0.0,2.0,12.0,-1639.00377687,0.00100590581094
19889,0.0,1.0,0.0,3.0,0.0,3.0,12.0,,
46925,0.0,1.0,0.0,3.0,1.0,0.0,12.0,-1581.49330401,0.000978516847059
47836,0.0,1.0,0.0,3.0,1.0,1.0,12.0,-1581.03494802,0.000977832949997
48747,0.0,1.0,0.0,3.0,1.0,2.0,12.0,-1581.03781366,0.000977243406866
49658,0.0,1.0,0.0,3.0,1.0,3.0,12.0,-1575.72405484,0.00102805560694
98966,0.0,1.0,1.0,0.0,0.0,0.0,12.0,-1172.86937403,0.0033520438279
99877,0.0,1.0,1.0,0.0,0.0,1.0,12.0,-1320.98968106,0.0022505431473
769,0.0,1.0,1.0,0.0,0.0,2.0,12.0,,
1680,0.0,1.0,1.0,0.0,0.0,3.0,12.0,,
28716,0.0,1.0,1.0,0.0,1.0,0.0,12.0,-1571.98311665,0.00105909973661
29627,0.0,1.0,1.0,0.0,1.0,1.0,12.0,-1591.21475255,0.00101633723858
30538,0.0,1.0,1.0,0.0,1.0,2.0,12.0,-1589.13426933,0.00101247036216
31449,0.0,1.0,1.0,0.0,1.0,3.0,12.0,-1585.70083384,0.00104350158401
13357,0.0,1.0,1.0,1.0,0.0,0.0,12.0,-1633.40247653,0.00102344623934
14268,0.0,1.0,1.0,1.0,0.0,1.0,12.0,-1656.28433293,0.00097841493714
15179,0.0,1.0,1.0,1.0,0.0,2.0,12.0,-1659.14203556,0.00100644878207
16090,0.0,1.0,1.0,1.0,0.0,3.0,12.0,,
43126,0.0,1.0,1.0,1.0,1.0,0.0,12.0,-1591.67835897,0.00102558048173
44037,0.0,1.0,1.0,1.0,1.0,1.0,12.0,-1589.11006687,0.00101719786638
44948,0.0,1.0,1.0,1.0,1.0,2.0,12.0,-1585.47847656,0.00101470306182
27767,0.0,1.0,1.0,2.0,0.0,0.0,12.0,-1618.5410225,0.00112726487716
28678,0.0,1.0,1.0,2.0,0.0,1.0,12.0,-1658.9353777,0.000999611088171
29589,0.0,1.0,1.0,2.0,0.0,2.0,12.0,-1657.58587908,0.000999160267657
30500,0.0,1.0,1.0,2.0,0.0,3.0,12.0,,
57536,0.0,1.0,1.0,2.0,1.0,0.0,12.0,-1588.76815308,0.00102293589651
58447,0.0,1.0,1.0,2.0,1.0,1.0,12.0,-1586.89352322,0.00101639708261
59358,0.0,1.0,1.0,2.0,1.0,2.0,12.0,-1582.28148493,0.00101804094186
60269,0.0,1.0,1.0,2.0,1.0,3.0,12.0,-1579.45442262,0.00105645615464
42177,0.0,1.0,1.0,3.0,0.0,0.0,12.0,-1657.14221021,0.000999057542793
43088,0.0,1.0,1.0,3.0,0.0,1.0,12.0,-1614.40979314,0.00110830028562
43999,0.0,1.0,1.0,3.0,0.0,2.0,12.0,-1661.35900931,0.000986795396919
44910,0.0,1.0,1.0,3.0,0.0,3.0,12.0,,
71946,0.0,1.0,1.0,3.0,1.0,0.0,12.0,-1592.30089939,0.000988448624589
72857,0.0,1.0,1.0,3.0,1.0,1.0,12.0,-1591.54331604,0.00098624013545
73768,0.0,1.0,1.0,3.0,1.0,2.0,12.0,-1590.56115427,0.000986131300627
74679,0.0,1.0,1.0,3.0,1.0,3.0,12.0,-1581.77355997,0.00103579865981
23968,0.0,1.0,2.0,0.0,0.0,0.0,12.0,-1171.52854372,0.00335653138462
24879,0.0,1.0,2.0,0.0,0.0,1.0,12.0,-1319.45400979,0.00226406255573
25790,0.0,1.0,2.0,0.0,0.0,2.0,12.0,,
26701,0.0,1.0,2.0,0.0,0.0,3.0,12.0,,
53737,0.0,1.0,2.0,0.0,1.0,0.0,12.0,-1572.64762778,0.00105104884588
54648,0.0,1.0,2.0,0.0,1.0,1.0,12.0,-1591.45890565,0.001015531206
55559,0.0,1.0,2.0,0.0,1.0,2.0,12.0,-1589.54927959,0.00100921217349
56470,0.0,1.0,2.0,0.0,1.0,3.0,12.0,-1584.92593071,0.00104243080949
38378,0.0,1.0,2.0,1.0,0.0,0.0,12.0,-1629.08920336,0.00105209228789
39289,0.0,1.0,2.0,1.0,0.0,1.0,12.0,-1656.76179094,0.000980216086502
40200,0.0,1.0,2.0,1.0,0.0,2.0,12.0,-1653.97499579,0.00101851723796
41111,0.0,1.0,2.0,1.0,0.0,3.0,12.0,,
68147,0.0,1.0,2.0,1.0,1.0,0.0,12.0,-1591.41599354,0.00102778297396
69058,0.0,1.0,2.0,1.0,1.0,1.0,12.0,-1589.33142042,0.00101663013108
69969,0.0,1.0,2.0,1.0,1.0,2.0,12.0,-1586.23771635,0.00100779349785
70880,0.0,1.0,2.0,1.0,1.0,3.0,12.0,-1583.7388214,0.0010441021999
52788,0.0,1.0,2.0,2.0,0.0,0.0,12.0,-1659.45163166,0.00100743804097
53699,0.0,1.0,2.0,2.0,0.0,1.0,12.0,-1649.75037196,0.00100225711657
54610,0.0,1.0,2.0,2.0,0.0,2.0,12.0,-1658.27171276,0.000993558792761
55521,0.0,1.0,2.0,2.0,0.0,3.0,12.0,,
82557,0.0,1.0,2.0,2.0,1.0,0.0,12.0,-1588.80787543,0.00102342013126
83468,0.0,1.0,2.0,2.0,1.0,1.0,12.0,-1587.22304339,0.00101506878585
84379,0.0,1.0,2.0,2.0,1.0,2.0,12.0,-1583.22548334,0.00101045811473
67198,0.0,1.0,2.0,3.0,0.0,0.0,12.0,-1653.91637687,0.00101590350732
68109,0.0,1.0,2.0,3.0,0.0,1.0,12.0,-1647.16333782,0.00100564656558
69020,0.0,1.0,2.0,3.0,0.0,2.0,12.0,-1655.12519801,0.000999691613962
69931,0.0,1.0,2.0,3.0,0.0,3.0,12.0,,
96967,0.0,1.0,2.0,3.0,1.0,0.0,12.0,-1591.41453908,0.000987476209546
97878,0.0,1.0,2.0,3.0,1.0,1.0,12.0,-1590.55963029,0.000986467071073
98789,0.0,1.0,2.0,3.0,1.0,2.0,12.0,-1589.29166716,0.000985575095279
99700,0.0,1.0,2.0,3.0,1.0,3.0,12.0,-1589.85169353,0.000987750212893
48989,0.0,1.0,3.0,0.0,0.0,0.0,12.0,-1188.9388768,0.00326468473838
49900,0.0,1.0,3.0,0.0,0.0,1.0,12.0,-1326.89808175,0.00228653121042
50811,0.0,1.0,3.0,0.0,0.0,2.0,12.0,,
51722,0.0,1.0,3.0,0.0,0.0,3.0,12.0,,
78758,0.0,1.0,3.0,0.0,1.0,0.0,12.0,-1571.10135288,0.00106145254817
79669,0.0,1.0,3.0,0.0,1.0,1.0,12.0,-1588.00827808,0.00102511406775
80580,0.0,1.0,3.0,0.0,1.0,2.0,12.0,-1586.09747927,0.00101984281437
81491,0.0,1.0,3.0,0.0,1.0,3.0,12.0,-1590.03713512,0.0010125900113
63399,0.0,1.0,3.0,1.0,0.0,0.0,12.0,-1630.3218784,0.00101917068979
64310,0.0,1.0,3.0,1.0,0.0,1.0,12.0,-1622.64307735,0.00109920592454
65221,0.0,1.0,3.0,1.0,0.0,2.0,12.0,-1656.85690223,0.00100320898266
66132,0.0,1.0,3.0,1.0,0.0,3.0,12.0,,
93168,0.0,1.0,3.0,1.0,1.0,0.0,12.0,-1587.83865816,0.00103475410571
94079,0.0,1.0,3.0,1.0,1.0,1.0,12.0,-1585.89067347,0.00102631839714
94990,0.0,1.0,3.0,1.0,1.0,2.0,12.0,-1582.65629023,0.00102004595187
95901,0.0,1.0,3.0,1.0,1.0,3.0,12.0,-1580.0491876,0.00104723361101
77809,0.0,1.0,3.0,2.0,0.0,0.0,12.0,-1657.36019924,0.00100917505158
78720,0.0,1.0,3.0,2.0,0.0,1.0,12.0,-1654.43708192,0.000990276239079
79631,0.0,1.0,3.0,2.0,0.0,2.0,12.0,-1656.48938865,0.000996301453374
80542,0.0,1.0,3.0,2.0,0.0,3.0,12.0,,
7559,0.0,1.0,3.0,2.0,1.0,0.0,12.0,-1585.39387847,0.00103280496771
8470,0.0,1.0,3.0,2.0,1.0,1.0,12.0,-1583.72252498,0.00102454409744
9381,0.0,1.0,3.0,2.0,1.0,2.0,12.0,-1579.45264487,0.00102363780372
10292,0.0,1.0,3.0,2.0,1.0,3.0,12.0,-1574.50653566,0.00106531588918
92219,0.0,1.0,3.0,3.0,0.0,0.0,12.0,-1655.03490314,0.0010024528751
93130,0.0,1.0,3.0,3.0,0.0,1.0,12.0,-1651.13441639,0.000981620412023
94041,0.0,1.0,3.0,3.0,0.0,2.0,12.0,-1658.17682009,0.000989231257627
94952,0.0,1.0,3.0,3.0,0.0,3.0,12.0,,
21969,0.0,1.0,3.0,3.0,1.0,0.0,12.0,-1587.88983324,0.0009939952938
22880,0.0,1.0,3.0,3.0,1.0,1.0,12.0,-1587.16595665,0.0009915500805
23791,0.0,1.0,3.0,3.0,1.0,2.0,12.0,-1585.18746964,0.000993170745377
24702,0.0,1.0,3.0,3.0,1.0,3.0,12.0,-1575.70560484,0.00104757781483
63744,0.0,2.0,0.0,0.0,0.0,0.0,12.0,,
64655,0.0,2.0,0.0,0.0,0.0,1.0,12.0,-1065.50690664,0.00403618738949
65566,0.0,2.0,0.0,0.0,0.0,2.0,12.0,-1118.20180065,0.0034762005583
66477,0.0,2.0,0.0,0.0,0.0,3.0,12.0,,
93513,0.0,2.0,0.0,0.0,1.0,0.0,12.0,,
94424,0.0,2.0,0.0,0.0,1.0,1.0,12.0,-1379.6282965,0.00386581238362
95335,0.0,2.0,0.0,0.0,1.0,2.0,12.0,-1375.9153438,0.00388303420414
96246,0.0,2.0,0.0,0.0,1.0,3.0,12.0,-1370.7681516,0.00390912756958
78154,0.0,2.0,0.0,1.0,0.0,0.0,12.0,-1416.16410596,0.00175541036802
79065,0.0,2.0,0.0,1.0,0.0,1.0,12.0,-1463.99576315,0.00168246587026
79976,0.0,2.0,0.0,1.0,0.0,2.0,12.0,-1460.8742138,0.00166417406755
80887,0.0,2.0,0.0,1.0,0.0,3.0,12.0,,
7904,0.0,2.0,0.0,1.0,1.0,0.0,12.0,-1402.02752338,0.00383952881334
8815,0.0,2.0,0.0,1.0,1.0,1.0,12.0,-1377.55920567,0.0038672323374
9726,0.0,2.0,0.0,1.0,1.0,2.0,12.0,-1396.1817788,0.00383270884847
10637,0.0,2.0,0.0,1.0,1.0,3.0,12.0,-1408.05685975,0.00378957276512
93475,0.0,2.0,0.0,2.0,0.0,1.0,12.0,-1457.00469714,0.00173065155091
94386,0.0,2.0,0.0,2.0,0.0,2.0,12.0,-1460.19338501,0.00168767096184
95297,0.0,2.0,0.0,2.0,0.0,3.0,12.0,,
22314,0.0,2.0,0.0,2.0,1.0,0.0,12.0,-1391.72160765,0.00384571904884
23225,0.0,2.0,0.0,2.0,1.0,1.0,12.0,-1374.06684992,0.00386939317655
24136,0.0,2.0,0.0,2.0,1.0,2.0,12.0,-1364.43214054,0.00393550649908
25047,0.0,2.0,0.0,2.0,1.0,3.0,12.0,-1367.19322355,0.00388348706784
6955,0.0,2.0,0.0,3.0,0.0,0.0,12.0,-1456.92388085,0.00172828417762
7866,0.0,2.0,0.0,3.0,0.0,1.0,12.0,-1454.99510273,0.00172799128386
36724,0.0,2.0,0.0,3.0,1.0,0.0,12.0,-1390.45416258,0.00379094479819
37635,0.0,2.0,0.0,3.0,1.0,1.0,12.0,-1381.51050426,0.00381703974171
38546,0.0,2.0,0.0,3.0,1.0,2.0,12.0,-1385.78852788,0.00381351068825
39457,0.0,2.0,0.0,3.0,1.0,3.0,12.0,-1389.79557661,0.00386044942382
88765,0.0,2.0,1.0,0.0,0.0,0.0,12.0,,
89676,0.0,2.0,1.0,0.0,0.0,1.0,12.0,,
90587,0.0,2.0,1.0,0.0,0.0,2.0,12.0,,
91498,0.0,2.0,1.0,0.0,0.0,3.0,12.0,,
18515,0.0,2.0,1.0,0.0,1.0,0.0,12.0,,
19426,0.0,2.0,1.0,0.0,1.0,1.0,12.0,,
20337,0.0,2.0,1.0,0.0,1.0,2.0,12.0,,
21248,0.0,2.0,1.0,0.0,1.0,3.0,12.0,,
3156,0.0,2.0,1.0,1.0,0.0,0.0,12.0,,
4067,0.0,2.0,1.0,1.0,0.0,1.0,12.0,,
4978,0.0,2.0,1.0,1.0,0.0,2.0,12.0,,
5889,0.0,2.0,1.0,1.0,0.0,3.0,12.0,,
32925,0.0,2.0,1.0,1.0,1.0,0.0,12.0,,
33836,0.0,2.0,1.0,1.0,1.0,1.0,12.0,,
34747,0.0,2.0,1.0,1.0,1.0,2.0,12.0,,
35658,0.0,2.0,1.0,1.0,1.0,3.0,12.0,,
17566,0.0,2.0,1.0,2.0,0.0,0.0,12.0,,
18477,0.0,2.0,1.0,2.0,0.0,1.0,12.0,,
19388,0.0,2.0,1.0,2.0,0.0,2.0,12.0,,
20299,0.0,2.0,1.0,2.0,0.0,3.0,12.0,,
47335,0.0,2.0,1.0,2.0,1.0,0.0,12.0,,
48246,0.0,2.0,1.0,2.0,1.0,1.0,12.0,,
49157,0.0,2.0,1.0,2.0,1.0,2.0,12.0,,
50068,0.0,2.0,1.0,2.0,1.0,3.0,12.0,,
31976,0.0,2.0,1.0,3.0,0.0,0.0,12.0,,
33798,0.0,2.0,1.0,3.0,0.0,2.0,12.0,,
61745,0.0,2.0,1.0,3.0,1.0,0.0,12.0,,
62656,0.0,2.0,1.0,3.0,1.0,1.0,12.0,,
63567,0.0,2.0,1.0,3.0,1.0,2.0,12.0,,
64478,0.0,2.0,1.0,3.0,1.0,3.0,12.0,,
13767,0.0,2.0,2.0,0.0,0.0,0.0,12.0,,
14678,0.0,2.0,2.0,0.0,0.0,1.0,12.0,,
15589,0.0,2.0,2.0,0.0,0.0,2.0,12.0,,
16500,0.0,2.0,2.0,0.0,0.0,3.0,12.0,,
43536,0.0,2.0,2.0,0.0,1.0,0.0,12.0,,
44447,0.0,2.0,2.0,0.0,1.0,1.0,12.0,,
45358,0.0,2.0,2.0,0.0,1.0,2.0,12.0,,
46269,0.0,2.0,2.0,0.0,1.0,3.0,12.0,,
28177,0.0,2.0,2.0,1.0,0.0,0.0,12.0,,
29088,0.0,2.0,2.0,1.0,0.0,1.0,12.0,,
29999,0.0,2.0,2.0,1.0,0.0,2.0,12.0,,
30910,0.0,2.0,2.0,1.0,0.0,3.0,12.0,,
57946,0.0,2.0,2.0,1.0,1.0,0.0,12.0,,
58857,0.0,2.0,2.0,1.0,1.0,1.0,12.0,,
59768,0.0,2.0,2.0,1.0,1.0,2.0,12.0,,
60679,0.0,2.0,2.0,1.0,1.0,3.0,12.0,,
42587,0.0,2.0,2.0,2.0,0.0,0.0,12.0,,
43498,0.0,2.0,2.0,2.0,0.0,1.0,12.0,,
44409,0.0,2.0,2.0,2.0,0.0,2.0,12.0,,
45320,0.0,2.0,2.0,2.0,0.0,3.0,12.0,,
72356,0.0,2.0,2.0,2.0,1.0,0.0,12.0,,
73267,0.0,2.0,2.0,2.0,1.0,1.0,12.0,,
74178,0.0,2.0,2.0,2.0,1.0,2.0,12.0,,
75089,0.0,2.0,2.0,2.0,1.0,3.0,12.0,,
56997,0.0,2.0,2.0,3.0,0.0,0.0,12.0,,
58819,0.0,2.0,2.0,3.0,0.0,2.0,12.0,,
59730,0.0,2.0,2.0,3.0,0.0,3.0,12.0,,
86766,0.0,2.0,2.0,3.0,1.0,0.0,12.0,,
87677,0.0,2.0,2.0,3.0,1.0,1.0,12.0,,
88588,0.0,2.0,2.0,3.0,1.0,2.0,12.0,,
89499,0.0,2.0,2.0,3.0,1.0,3.0,12.0,,
38788,0.0,2.0,3.0,0.0,0.0,0.0,12.0,,
39699,0.0,2.0,3.0,0.0,0.0,1.0,12.0,,
40610,0.0,2.0,3.0,0.0,0.0,2.0,12.0,,
41521,0.0,2.0,3.0,0.0,0.0,3.0,12.0,,
68557,0.0,2.0,3.0,0.0,1.0,0.0,12.0,,
69468,0.0,2.0,3.0,0.0,1.0,1.0,12.0,,
70379,0.0,2.0,3.0,0.0,1.0,2.0,12.0,,
71290,0.0,2.0,3.0,0.0,1.0,3.0,12.0,,
53198,0.0,2.0,3.0,1.0,0.0,0.0,12.0,,
55020,0.0,2.0,3.0,1.0,0.0,2.0,12.0,,
55931,0.0,2.0,3.0,1.0,0.0,3.0,12.0,,
82967,0.0,2.0,3.0,1.0,1.0,0.0,12.0,,
83878,0.0,2.0,3.0,1.0,1.0,1.0,12.0,,
84789,0.0,2.0,3.0,1.0,1.0,2.0,12.0,,
85700,0.0,2.0,3.0,1.0,1.0,3.0,12.0,,
67608,0.0,2.0,3.0,2.0,0.0,0.0,12.0,,
68519,0.0,2.0,3.0,2.0,0.0,1.0,12.0,,
69430,0.0,2.0,3.0,2.0,0.0,2.0,12.0,,
97377,0.0,2.0,3.0,2.0,1.0,0.0,12.0,,
98288,0.0,2.0,3.0,2.0,1.0,1.0,12.0,,
99199,0.0,2.0,3.0,2.0,1.0,2.0,12.0,,
82018,0.0,2.0,3.0,3.0,0.0,0.0,12.0,,
82929,0.0,2.0,3.0,3.0,0.0,1.0,12.0,,
83840,0.0,2.0,3.0,3.0,0.0,2.0,12.0,,
84751,0.0,2.0,3.0,3.0,0.0,3.0,12.0,,
11768,0.0,2.0,3.0,3.0,1.0,0.0,12.0,,
12679,0.0,2.0,3.0,3.0,1.0,1.0,12.0,,
13590,0.0,2.0,3.0,3.0,1.0,2.0,12.0,,
14501,0.0,2.0,3.0,3.0,1.0,3.0,12.0,,
92802,1.0,0.0,0.0,0.0,0.0,0.0,12.0,,
93713,1.0,0.0,0.0,0.0,0.0,1.0,12.0,,
94624,1.0,0.0,0.0,0.0,0.0,2.0,12.0,,
95535,1.0,0.0,0.0,0.0,0.0,3.0,12.0,,
22552,1.0,0.0,0.0,0.0,1.0,0.0,12.0,-1557.00913851,0.00105135904689
23463,1.0,0.0,0.0,0.0,1.0,1.0,12.0,-1567.09229069,0.00100295254927
24374,1.0,0.0,0.0,0.0,1.0,2.0,12.0,-1538.69918416,0.00111705799309
25285,1.0,0.0,0.0,0.0,1.0,3.0,12.0,,
7193,1.0,0.0,0.0,1.0,0.0,0.0,12.0,,
8104,1.0,0.0,0.0,1.0,0.0,1.0,12.0,,
9015,1.0,0.0,0.0,1.0,0.0,2.0,12.0,,
9926,1.0,0.0,0.0,1.0,0.0,3.0,12.0,,
36962,1.0,0.0,0.0,1.0,1.0,0.0,12.0,-1432.54496282,0.00149341777717
37873,1.0,0.0,0.0,1.0,1.0,1.0,12.0,-1476.33201678,0.00133219853663
38784,1.0,0.0,0.0,1.0,1.0,2.0,12.0,-1522.77287554,0.00115091082719
39695,1.0,0.0,0.0,1.0,1.0,3.0,12.0,,
21603,1.0,0.0,0.0,2.0,0.0,0.0,12.0,,
22514,1.0,0.0,0.0,2.0,0.0,1.0,12.0,,
23425,1.0,0.0,0.0,2.0,0.0,2.0,12.0,,
24336,1.0,0.0,0.0,2.0,0.0,3.0,12.0,,
51372,1.0,0.0,0.0,2.0,1.0,0.0,12.0,-1496.76273315,0.00125775257598
52283,1.0,0.0,0.0,2.0,1.0,1.0,12.0,-1560.72394761,0.00108954011751
53194,1.0,0.0,0.0,2.0,1.0,2.0,12.0,-1564.95880826,0.00101712170194
54105,1.0,0.0,0.0,2.0,1.0,3.0,12.0,,
36013,1.0,0.0,0.0,3.0,0.0,0.0,12.0,,
36924,1.0,0.0,0.0,3.0,0.0,1.0,12.0,,
37835,1.0,0.0,0.0,3.0,0.0,2.0,12.0,,
38746,1.0,0.0,0.0,3.0,0.0,3.0,12.0,,
65782,1.0,0.0,0.0,3.0,1.0,0.0,12.0,-1493.3595557,0.00126323078964
66693,1.0,0.0,0.0,3.0,1.0,1.0,12.0,-1540.44307998,0.00119084883357
67604,1.0,0.0,0.0,3.0,1.0,2.0,12.0,-1563.51075838,0.00103930737946
68515,1.0,0.0,0.0,3.0,1.0,3.0,12.0,,
17804,1.0,0.0,1.0,0.0,0.0,0.0,12.0,,
18715,1.0,0.0,1.0,0.0,0.0,1.0,12.0,,
19626,1.0,0.0,1.0,0.0,0.0,2.0,12.0,,
20537,1.0,0.0,1.0,0.0,0.0,3.0,12.0,,
47573,1.0,0.0,1.0,0.0,1.0,0.0,12.0,-1569.1742621,0.0010281449327
48484,1.0,0.0,1.0,0.0,1.0,1.0,12.0,-1584.4628101,0.000972621030118
49395,1.0,0.0,1.0,0.0,1.0,2.0,12.0,-1549.13821746,0.00112835025634
50306,1.0,0.0,1.0,0.0,1.0,3.0,12.0,,
32214,1.0,0.0,1.0,1.0,0.0,0.0,12.0,,
33125,1.0,0.0,1.0,1.0,0.0,1.0,12.0,,
34036,1.0,0.0,1.0,1.0,0.0,2.0,12.0,,
34947,1.0,0.0,1.0,1.0,0.0,3.0,12.0,,
61983,1.0,0.0,1.0,1.0,1.0,0.0,12.0,-1445.37069969,0.00148035456948
62894,1.0,0.0,1.0,1.0,1.0,1.0,12.0,-1574.34527151,0.000984225292594
63805,1.0,0.0,1.0,1.0,1.0,2.0,12.0,-1518.29796835,0.00120880644219
64716,1.0,0.0,1.0,1.0,1.0,3.0,12.0,,
46624,1.0,0.0,1.0,2.0,0.0,0.0,12.0,,
47535,1.0,0.0,1.0,2.0,0.0,1.0,12.0,,
48446,1.0,0.0,1.0,2.0,0.0,2.0,12.0,,
49357,1.0,0.0,1.0,2.0,0.0,3.0,12.0,,
76393,1.0,0.0,1.0,2.0,1.0,0.0,12.0,-1527.29794629,0.00124910178488
77304,1.0,0.0,1.0,2.0,1.0,1.0,12.0,-1558.83683022,0.00112000753037
78215,1.0,0.0,1.0,2.0,1.0,2.0,12.0,-1578.06370956,0.000992307983829
79126,1.0,0.0,1.0,2.0,1.0,3.0,12.0,,
61034,1.0,0.0,1.0,3.0,0.0,0.0,12.0,,
61945,1.0,0.0,1.0,3.0,0.0,1.0,12.0,,
62856,1.0,0.0,1.0,3.0,0.0,2.0,12.0,,
63767,1.0,0.0,1.0,3.0,0.0,3.0,12.0,,
90803,1.0,0.0,1.0,3.0,1.0,0.0,12.0,-1507.03001606,0.00125688083345
91714,1.0,0.0,1.0,3.0,1.0,1.0,12.0,-1545.42534411,0.00116966560196
92625,1.0,0.0,1.0,3.0,1.0,2.0,12.0,-1566.5651848,0.00106671457124
93536,1.0,0.0,1.0,3.0,1.0,3.0,12.0,,
42825,1.0,0.0,2.0,0.0,0.0,0.0,12.0,,
43736,1.0,0.0,2.0,0.0,0.0,1.0,12.0,,
44647,1.0,0.0,2.0,0.0,0.0,2.0,12.0,,
45558,1.0,0.0,2.0,0.0,0.0,3.0,12.0,,
72594,1.0,0.0,2.0,0.0,1.0,0.0,12.0,-1571.55365459,0.00102525974312
73505,1.0,0.0,2.0,0.0,1.0,1.0,12.0,-1578.03199842,0.00100778435361
74416,1.0,0.0,2.0,0.0,1.0,2.0,12.0,-1546.60694586,0.00112664067227
75327,1.0,0.0,2.0,0.0,1.0,3.0,12.0,,
57235,1.0,0.0,2.0,1.0,0.0,0.0,12.0,,
58146,1.0,0.0,2.0,1.0,0.0,1.0,12.0,,
59057,1.0,0.0,2.0,1.0,0.0,2.0,12.0,,
59968,1.0,0.0,2.0,1.0,0.0,3.0,12.0,,
87004,1.0,0.0,2.0,1.0,1.0,0.0,12.0,-1448.26092146,0.00145453829624
87915,1.0,0.0,2.0,1.0,1.0,1.0,12.0,-1575.42016175,0.000977743244589
88826,1.0,0.0,2.0,1.0,1.0,2.0,12.0,-1555.69958096,0.00105476709669
89737,1.0,0.0,2.0,1.0,1.0,3.0,12.0,,
71645,1.0,0.0,2.0,2.0,0.0,0.0,12.0,,
72556,1.0,0.0,2.0,2.0,0.0,1.0,12.0,,
73467,1.0,0.0,2.0,2.0,0.0,2.0,12.0,,
74378,1.0,0.0,2.0,2.0,0.0,3.0,12.0,,
1395,1.0,0.0,2.0,2.0,1.0,0.0,12.0,-1560.74742193,0.00111524211998
2306,1.0,0.0,2.0,2.0,1.0,1.0,12.0,-1494.41978966,0.00128171292281
3217,1.0,0.0,2.0,2.0,1.0,2.0,12.0,-1575.98100429,0.00100261662987
4128,1.0,0.0,2.0,2.0,1.0,3.0,12.0,,
86055,1.0,0.0,2.0,3.0,0.0,0.0,12.0,,
86966,1.0,0.0,2.0,3.0,0.0,1.0,12.0,,
87877,1.0,0.0,2.0,3.0,0.0,2.0,12.0,,
88788,1.0,0.0,2.0,3.0,0.0,3.0,12.0,,
15805,1.0,0.0,2.0,3.0,1.0,0.0,12.0,-1508.39969905,0.00123204178095
16716,1.0,0.0,2.0,3.0,1.0,1.0,12.0,-1543.45041516,0.00117320834439
17627,1.0,0.0,2.0,3.0,1.0,2.0,12.0,-1574.23505111,0.00102824674933
18538,1.0,0.0,2.0,3.0,1.0,3.0,12.0,,
67846,1.0,0.0,3.0,0.0,0.0,0.0,12.0,,
68757,1.0,0.0,3.0,0.0,0.0,1.0,12.0,,
69668,1.0,0.0,3.0,0.0,0.0,2.0,12.0,,
70579,1.0,0.0,3.0,0.0,0.0,3.0,12.0,,
97615,1.0,0.0,3.0,0.0,1.0,0.0,12.0,-1566.77779117,0.00103332462278
98526,1.0,0.0,3.0,0.0,1.0,1.0,12.0,-1564.53957789,0.00106536838492
99437,1.0,0.0,3.0,0.0,1.0,2.0,12.0,-1541.16770487,0.00112382276307
329,1.0,0.0,3.0,0.0,1.0,3.0,12.0,,
82256,1.0,0.0,3.0,1.0,0.0,0.0,12.0,,
83167,1.0,0.0,3.0,1.0,0.0,1.0,12.0,,
84078,1.0,0.0,3.0,1.0,0.0,2.0,12.0,,
84989,1.0,0.0,3.0,1.0,0.0,3.0,12.0,,
12006,1.0,0.0,3.0,1.0,1.0,0.0,12.0,-1448.71792247,0.00145689811038
12917,1.0,0.0,3.0,1.0,1.0,1.0,12.0,-1569.03269174,0.00100405722137
13828,1.0,0.0,3.0,1.0,1.0,2.0,12.0,-1519.68095794,0.00119250905547
14739,1.0,0.0,3.0,1.0,1.0,3.0,12.0,,
96666,1.0,0.0,3.0,2.0,0.0,0.0,12.0,,
97577,1.0,0.0,3.0,2.0,0.0,1.0,12.0,,
98488,1.0,0.0,3.0,2.0,0.0,2.0,12.0,,
99399,1.0,0.0,3.0,2.0,0.0,3.0,12.0,,
27327,1.0,0.0,3.0,2.0,1.0,1.0,12.0,-1563.35945853,0.00108764295292
28238,1.0,0.0,3.0,2.0,1.0,2.0,12.0,-1567.96397449,0.0010275624927
29149,1.0,0.0,3.0,2.0,1.0,3.0,12.0,,
11057,1.0,0.0,3.0,3.0,0.0,0.0,12.0,,
11968,1.0,0.0,3.0,3.0,0.0,1.0,12.0,,
12879,1.0,0.0,3.0,3.0,0.0,2.0,12.0,,
13790,1.0,0.0,3.0,3.0,0.0,3.0,12.0,,
40826,1.0,0.0,3.0,3.0,1.0,0.0,12.0,-1508.13009052,0.00123916039338
41737,1.0,0.0,3.0,3.0,1.0,1.0,12.0,-1552.80214376,0.0011321671232
42648,1.0,0.0,3.0,3.0,1.0,2.0,12.0,-1567.89051958,0.00101149670685
43559,1.0,0.0,3.0,3.0,1.0,3.0,12.0,,
82601,1.0,1.0,0.0,0.0,0.0,0.0,12.0,-1142.82414546,0.00379742618128
83512,1.0,1.0,0.0,0.0,0.0,1.0,12.0,-1304.55939209,0.00241124136719
84423,1.0,1.0,0.0,0.0,0.0,2.0,12.0,,
85334,1.0,1.0,0.0,0.0,0.0,3.0,12.0,,
12351,1.0,1.0,0.0,0.0,1.0,0.0,12.0,-1575.27553949,0.00105562455953
13262,1.0,1.0,0.0,0.0,1.0,1.0,12.0,-1593.33710596,0.00101858367617
14173,1.0,1.0,0.0,0.0,1.0,2.0,12.0,-1591.41773293,0.00101208655571
15084,1.0,1.0,0.0,0.0,1.0,3.0,12.0,-1586.77318809,0.0010430633598
97011,1.0,1.0,0.0,1.0,0.0,0.0,12.0,-1632.89014204,0.00103981961175
97922,1.0,1.0,0.0,1.0,0.0,1.0,12.0,-1653.54682213,0.000988188976355
98833,1.0,1.0,0.0,1.0,0.0,2.0,12.0,-1654.68036882,0.00100637430566
99744,1.0,1.0,0.0,1.0,0.0,3.0,12.0,,
26761,1.0,1.0,0.0,1.0,1.0,0.0,12.0,-1593.23812827,0.00102955344016
27672,1.0,1.0,0.0,1.0,1.0,1.0,12.0,-1591.21487574,0.00101970615975
28583,1.0,1.0,0.0,1.0,1.0,2.0,12.0,-1588.00609901,0.00101222715121
29494,1.0,1.0,0.0,1.0,1.0,3.0,12.0,-1585.53060256,0.00104460831977
11402,1.0,1.0,0.0,2.0,0.0,0.0,12.0,-1657.77903089,0.00101830883527
12313,1.0,1.0,0.0,2.0,0.0,1.0,12.0,-1653.19458507,0.000994827286209
13224,1.0,1.0,0.0,2.0,0.0,2.0,12.0,-1653.89552247,0.00100551393635
14135,1.0,1.0,0.0,2.0,0.0,3.0,12.0,,
41171,1.0,1.0,0.0,2.0,1.0,0.0,12.0,-1590.70677008,0.00102609982337
42082,1.0,1.0,0.0,2.0,1.0,1.0,12.0,-1589.07186493,0.00101800856245
42993,1.0,1.0,0.0,2.0,1.0,2.0,12.0,-1584.89058144,0.00101546987494
43904,1.0,1.0,0.0,2.0,1.0,3.0,12.0,-1579.97337076,0.00106256648229
25812,1.0,1.0,0.0,3.0,0.0,0.0,12.0,-1653.77337853,0.00100630175861
26723,1.0,1.0,0.0,3.0,0.0,1.0,12.0,-1650.58456973,0.000998846228463
27634,1.0,1.0,0.0,3.0,0.0,2.0,12.0,-1649.95029592,0.00100789709405
28545,1.0,1.0,0.0,3.0,0.0,3.0,12.0,,
55581,1.0,1.0,0.0,3.0,1.0,0.0,12.0,-1593.52992774,0.000989443199566
56492,1.0,1.0,0.0,3.0,1.0,1.0,12.0,-1598.73399527,0.000982107342722
57403,1.0,1.0,0.0,3.0,1.0,2.0,12.0,-1591.21151813,0.000986786933552
58314,1.0,1.0,0.0,3.0,1.0,3.0,12.0,-1581.50173825,0.00104281785721
7603,1.0,1.0,1.0,0.0,0.0,0.0,12.0,-1171.18984719,0.00335699020476
8514,1.0,1.0,1.0,0.0,0.0,1.0,12.0,-1319.29206512,0.00225890046134
9425,1.0,1.0,1.0,0.0,0.0,2.0,12.0,,
10336,1.0,1.0,1.0,0.0,0.0,3.0,12.0,,
37372,1.0,1.0,1.0,0.0,1.0,0.0,12.0,-1573.85069973,0.0010540814178
38283,1.0,1.0,1.0,0.0,1.0,1.0,12.0,-1591.03312393,0.00102056837103
39194,1.0,1.0,1.0,0.0,1.0,2.0,12.0,-1589.20280075,0.00101399878896
40105,1.0,1.0,1.0,0.0,1.0,3.0,12.0,-1584.581691,0.00104149813291
22924,1.0,1.0,1.0,1.0,0.0,1.0,12.0,-1648.89322265,0.000980232353281
23835,1.0,1.0,1.0,1.0,0.0,2.0,12.0,-1648.84699892,0.00100422661204
24746,1.0,1.0,1.0,1.0,0.0,3.0,12.0,,
51782,1.0,1.0,1.0,1.0,1.0,0.0,12.0,-1590.67100975,0.00103192579686
52693,1.0,1.0,1.0,1.0,1.0,1.0,12.0,-1588.90374698,0.00102170066279
53604,1.0,1.0,1.0,1.0,1.0,2.0,12.0,-1585.86222435,0.00101277195195
54515,1.0,1.0,1.0,1.0,1.0,3.0,12.0,-1583.14602524,0.00104408545866
36423,1.0,1.0,1.0,2.0,0.0,0.0,12.0,-1652.91169681,0.00100503627645
37334,1.0,1.0,1.0,2.0,0.0,1.0,12.0,-1648.51331248,0.00098550876983
38245,1.0,1.0,1.0,2.0,0.0,2.0,12.0,-1650.9905206,0.00101880457596
39156,1.0,1.0,1.0,2.0,0.0,3.0,12.0,,
66192,1.0,1.0,1.0,2.0,1.0,0.0,12.0,-1588.32080866,0.00102810205971
67103,1.0,1.0,1.0,2.0,1.0,1.0,12.0,-1586.77862415,0.00102012208813
68014,1.0,1.0,1.0,2.0,1.0,2.0,12.0,-1582.71589634,0.00101613797617
68925,1.0,1.0,1.0,2.0,1.0,3.0,12.0,-1589.42923021,0.000995653993522
50833,1.0,1.0,1.0,3.0,0.0,0.0,12.0,-1649.01334597,0.000998418099931
51744,1.0,1.0,1.0,3.0,0.0,1.0,12.0,-1646.26059918,0.000984677125741
52655,1.0,1.0,1.0,3.0,0.0,2.0,12.0,-1646.83461763,0.000999415862902
53566,1.0,1.0,1.0,3.0,0.0,3.0,12.0,,
80602,1.0,1.0,1.0,3.0,1.0,0.0,12.0,-1591.07368084,0.000990010581947
81513,1.0,1.0,1.0,3.0,1.0,1.0,12.0,,0.0406875887774
82424,1.0,1.0,1.0,3.0,1.0,2.0,12.0,-1588.42984399,0.00098766918522
83335,1.0,1.0,1.0,3.0,1.0,3.0,12.0,-1578.72094311,0.00104522600228
32624,1.0,1.0,2.0,0.0,0.0,0.0,12.0,-1169.74772665,0.00328848247382
33535,1.0,1.0,2.0,0.0,0.0,1.0,12.0,-1317.08613799,0.00224042009351
34446,1.0,1.0,2.0,0.0,0.0,2.0,12.0,,
35357,1.0,1.0,2.0,0.0,0.0,3.0,12.0,,
62393,1.0,1.0,2.0,0.0,1.0,0.0,12.0,-1571.61092693,0.00104881821149
63304,1.0,1.0,2.0,0.0,1.0,1.0,12.0,-1588.61451595,0.00102100922264
64215,1.0,1.0,2.0,0.0,1.0,2.0,12.0,-1586.78340207,0.00101507982046
65126,1.0,1.0,2.0,0.0,1.0,3.0,12.0,-1582.60436564,0.00104092453359
47034,1.0,1.0,2.0,1.0,0.0,0.0,12.0,-1631.02951517,0.00102654662145
47945,1.0,1.0,2.0,1.0,0.0,1.0,12.0,-1653.02190932,0.000979906352069
48856,1.0,1.0,2.0,1.0,0.0,2.0,12.0,-1656.29477385,0.00100408726299
49767,1.0,1.0,2.0,1.0,0.0,3.0,12.0,,
76803,1.0,1.0,2.0,1.0,1.0,0.0,12.0,-1588.26310066,0.00103243036853
77714,1.0,1.0,2.0,1.0,1.0,1.0,12.0,-1586.48564111,0.00102199141326
78625,1.0,1.0,2.0,1.0,1.0,2.0,12.0,-1583.37059585,0.0010144122957
79536,1.0,1.0,2.0,1.0,1.0,3.0,12.0,-1581.24109654,0.00104326748431
61444,1.0,1.0,2.0,2.0,0.0,0.0,12.0,-1657.11299071,0.00100547635764
62355,1.0,1.0,2.0,2.0,0.0,1.0,12.0,-1653.45733362,0.00098986871297
63266,1.0,1.0,2.0,2.0,0.0,2.0,12.0,-1655.04811305,0.00100090594185
64177,1.0,1.0,2.0,2.0,0.0,3.0,12.0,,
91213,1.0,1.0,2.0,2.0,1.0,0.0,12.0,-1585.90512231,0.00102858481436
92124,1.0,1.0,2.0,2.0,1.0,1.0,12.0,-1584.34254647,0.00102069702623
93035,1.0,1.0,2.0,2.0,1.0,2.0,12.0,-1580.16187076,0.00101768801251
93946,1.0,1.0,2.0,2.0,1.0,3.0,12.0,-1575.71862636,0.00105926660795
75854,1.0,1.0,2.0,3.0,0.0,0.0,12.0,-1654.12394208,0.000999472224229
76765,1.0,1.0,2.0,3.0,0.0,1.0,12.0,-1647.9765465,0.000982027920358
77676,1.0,1.0,2.0,3.0,0.0,2.0,12.0,-1647.49082664,0.000991630894208
78587,1.0,1.0,2.0,3.0,0.0,3.0,12.0,,
5604,1.0,1.0,2.0,3.0,1.0,0.0,12.0,-1589.15265116,0.000988541271604
6515,1.0,1.0,2.0,3.0,1.0,1.0,12.0,,0.00327234290319
7426,1.0,1.0,2.0,3.0,1.0,2.0,12.0,-1586.57080136,0.000986370935479
8337,1.0,1.0,2.0,3.0,1.0,3.0,12.0,-1577.2513229,0.00104138857515
57645,1.0,1.0,3.0,0.0,0.0,0.0,12.0,-1189.23520149,0.00321361416895
58556,1.0,1.0,3.0,0.0,0.0,1.0,12.0,-1330.27698725,0.00230188603594
59467,1.0,1.0,3.0,0.0,0.0,2.0,12.0,,
60378,1.0,1.0,3.0,0.0,0.0,3.0,12.0,,
87414,1.0,1.0,3.0,0.0,1.0,0.0,12.0,-1569.24840778,0.00106001676946
88325,1.0,1.0,3.0,0.0,1.0,1.0,12.0,-1585.92817209,0.00102381266095
89236,1.0,1.0,3.0,0.0,1.0,2.0,12.0,-1584.06696753,0.0010177454151
90147,1.0,1.0,3.0,0.0,1.0,3.0,12.0,-1579.78707164,0.00104248459393
72055,1.0,1.0,3.0,1.0,0.0,0.0,12.0,-1629.48858367,0.00102623017873
72966,1.0,1.0,3.0,1.0,0.0,1.0,12.0,-1650.37302718,0.000977256441897
73877,1.0,1.0,3.0,1.0,0.0,2.0,12.0,-1655.46024506,0.00100464270942
74788,1.0,1.0,3.0,1.0,0.0,3.0,12.0,,
1805,1.0,1.0,3.0,1.0,1.0,0.0,12.0,-1585.61668518,0.00103486776035
2716,1.0,1.0,3.0,1.0,1.0,1.0,12.0,-1583.80676065,0.0010249552145
3627,1.0,1.0,3.0,1.0,1.0,2.0,12.0,,0.100316191507
4538,1.0,1.0,3.0,1.0,1.0,3.0,12.0,-1578.2292627,0.00104585682722
86465,1.0,1.0,3.0,2.0,0.0,0.0,12.0,-1655.49307438,0.00100730146094
87376,1.0,1.0,3.0,2.0,0.0,1.0,12.0,-1651.53896307,0.000996690005145
88287,1.0,1.0,3.0,2.0,0.0,2.0,12.0,-1652.50100308,0.0010109638603
89198,1.0,1.0,3.0,2.0,0.0,3.0,12.0,,
16215,1.0,1.0,3.0,2.0,1.0,0.0,12.0,-1583.26498054,0.00103159537952
17126,1.0,1.0,3.0,2.0,1.0,1.0,12.0,-1581.64500421,0.00102329305829
18037,1.0,1.0,3.0,2.0,1.0,2.0,12.0,-1577.40131985,0.00102177712436
856,1.0,1.0,3.0,3.0,0.0,0.0,12.0,-1652.58519879,0.0010065490248
1767,1.0,1.0,3.0,3.0,0.0,1.0,12.0,-1640.13570432,0.000987303371941
2678,1.0,1.0,3.0,3.0,0.0,2.0,12.0,-1656.04531262,0.00098688669326
3589,1.0,1.0,3.0,3.0,0.0,3.0,12.0,,
30625,1.0,1.0,3.0,3.0,1.0,0.0,12.0,-1586.03012682,0.000992383768439
31536,1.0,1.0,3.0,3.0,1.0,1.0,12.0,-1585.28787503,0.000990183099335
32447,1.0,1.0,3.0,3.0,1.0,2.0,12.0,-1583.23152535,0.000990978846179
33358,1.0,1.0,3.0,3.0,1.0,3.0,12.0,-1573.90422669,0.00104639513347
72400,1.0,2.0,0.0,0.0,0.0,0.0,12.0,-985.220199515,0.00546466042499
73311,1.0,2.0,0.0,0.0,0.0,1.0,12.0,-1159.31842106,0.00319506488611
74222,1.0,2.0,0.0,0.0,0.0,2.0,12.0,-1195.19388551,0.00285342284217
75133,1.0,2.0,0.0,0.0,0.0,3.0,12.0,,
2150,1.0,2.0,0.0,0.0,1.0,0.0,12.0,-1482.36433848,0.0035278174409
3061,1.0,2.0,0.0,0.0,1.0,1.0,12.0,-1487.34143265,0.00351200608954
3972,1.0,2.0,0.0,0.0,1.0,2.0,12.0,-1486.38684717,0.00348714481045
4883,1.0,2.0,0.0,0.0,1.0,3.0,12.0,-1482.41364198,0.00349463838058
86810,1.0,2.0,0.0,1.0,0.0,0.0,12.0,-1524.30747565,0.00129698523377
87721,1.0,2.0,0.0,1.0,0.0,1.0,12.0,-1543.35380731,0.00125492647071
88632,1.0,2.0,0.0,1.0,0.0,2.0,12.0,-1548.71602299,0.00127879255653
89543,1.0,2.0,0.0,1.0,0.0,3.0,12.0,,
16560,1.0,2.0,0.0,1.0,1.0,0.0,12.0,-1496.35665622,0.00349868566685
17471,1.0,2.0,0.0,1.0,1.0,1.0,12.0,-1485.06141523,0.00351354770755
18382,1.0,2.0,0.0,1.0,1.0,2.0,12.0,-1479.19810445,0.00350839608798
19293,1.0,2.0,0.0,1.0,1.0,3.0,12.0,-1478.25657746,0.00350189477456
1201,1.0,2.0,0.0,2.0,0.0,0.0,12.0,-1554.31080423,0.00130591803344
2112,1.0,2.0,0.0,2.0,0.0,1.0,12.0,-1547.78139532,0.00128221365722
3023,1.0,2.0,0.0,2.0,0.0,2.0,12.0,-1555.17356703,0.00126572644871
3934,1.0,2.0,0.0,2.0,0.0,3.0,12.0,,
30970,1.0,2.0,0.0,2.0,1.0,0.0,12.0,-1492.54165635,0.00349800132953
31881,1.0,2.0,0.0,2.0,1.0,1.0,12.0,-1482.78261186,0.00351141028912
32792,1.0,2.0,0.0,2.0,1.0,2.0,12.0,-1476.92586509,0.00351216646863
33703,1.0,2.0,0.0,2.0,1.0,3.0,12.0,-1474.78311626,0.00350028985597
16522,1.0,2.0,0.0,3.0,0.0,1.0,12.0,-1545.72175556,0.00128288378239
17433,1.0,2.0,0.0,3.0,0.0,2.0,12.0,-1555.22676446,0.00124609203849
18344,1.0,2.0,0.0,3.0,0.0,3.0,12.0,,
46291,1.0,2.0,0.0,3.0,1.0,1.0,12.0,-1480.45814634,0.00349785150015
47202,1.0,2.0,0.0,3.0,1.0,2.0,12.0,-1479.78172189,0.00350176009058
48113,1.0,2.0,0.0,3.0,1.0,3.0,12.0,-1473.17340214,0.00351890306188
97421,1.0,2.0,1.0,0.0,0.0,0.0,12.0,-1131.5640298,0.00378911469121
98332,1.0,2.0,1.0,0.0,0.0,1.0,12.0,-1292.83108366,0.00240549602004
99243,1.0,2.0,1.0,0.0,0.0,2.0,12.0,-1343.92725658,0.00203633283234
135,1.0,2.0,1.0,0.0,0.0,3.0,12.0,,
27171,1.0,2.0,1.0,0.0,1.0,0.0,12.0,-1536.65424049,0.00334153813215
28082,1.0,2.0,1.0,0.0,1.0,1.0,12.0,-1543.30349163,0.00332072229747
28993,1.0,2.0,1.0,0.0,1.0,2.0,12.0,-1542.11930272,0.00331117652126
29904,1.0,2.0,1.0,0.0,1.0,3.0,12.0,-1537.91488274,0.00331843368757
11812,1.0,2.0,1.0,1.0,0.0,0.0,12.0,-1624.038989,0.00102865839753
12723,1.0,2.0,1.0,1.0,0.0,1.0,12.0,-1643.89869886,0.000976238341876
13634,1.0,2.0,1.0,1.0,0.0,2.0,12.0,-1653.4865256,0.000965022109841
14545,1.0,2.0,1.0,1.0,0.0,3.0,12.0,,
41581,1.0,2.0,1.0,1.0,1.0,0.0,12.0,-1557.34950884,0.00330711733016
42492,1.0,2.0,1.0,1.0,1.0,1.0,12.0,-1541.00498581,0.00332179402369
43403,1.0,2.0,1.0,1.0,1.0,2.0,12.0,-1534.16259105,0.00332907634841
44314,1.0,2.0,1.0,1.0,1.0,3.0,12.0,-1533.36113158,0.00332562664559
26222,1.0,2.0,1.0,2.0,0.0,0.0,12.0,-1645.84858371,0.00100864123513
27133,1.0,2.0,1.0,2.0,0.0,1.0,12.0,-1640.134625,0.000990784671469
28044,1.0,2.0,1.0,2.0,0.0,2.0,12.0,-1652.28124594,0.000982607822731
28955,1.0,2.0,1.0,2.0,0.0,3.0,12.0,,
55991,1.0,2.0,1.0,2.0,1.0,0.0,12.0,-1551.25062438,0.00330675031031
56902,1.0,2.0,1.0,2.0,1.0,1.0,12.0,-1538.55346949,0.0033218224064
57813,1.0,2.0,1.0,2.0,1.0,2.0,12.0,-1532.39434723,0.00332827852701
58724,1.0,2.0,1.0,2.0,1.0,3.0,12.0,-1530.75073549,0.00332705985181
40632,1.0,2.0,1.0,3.0,0.0,0.0,12.0,-1638.64406137,0.000994694825972
41543,1.0,2.0,1.0,3.0,0.0,1.0,12.0,-1638.11591967,0.000992185382703
42454,1.0,2.0,1.0,3.0,0.0,2.0,12.0,-1651.54356022,0.000972915109983
43365,1.0,2.0,1.0,3.0,0.0,3.0,12.0,,
70401,1.0,2.0,1.0,3.0,1.0,0.0,12.0,-1543.76894151,0.00331406254833
71312,1.0,2.0,1.0,3.0,1.0,1.0,12.0,-1536.01125718,0.0033265484791
72223,1.0,2.0,1.0,3.0,1.0,2.0,12.0,-1534.35480396,0.00333084150942
73134,1.0,2.0,1.0,3.0,1.0,3.0,12.0,-1550.16000228,0.0032764749773
22423,1.0,2.0,2.0,0.0,0.0,0.0,12.0,,
23334,1.0,2.0,2.0,0.0,0.0,1.0,12.0,,
24245,1.0,2.0,2.0,0.0,0.0,2.0,12.0,,
25156,1.0,2.0,2.0,0.0,0.0,3.0,12.0,,
52192,1.0,2.0,2.0,0.0,1.0,0.0,12.0,-1554.59153141,0.00327591620042
53103,1.0,2.0,2.0,0.0,1.0,1.0,12.0,-1560.45029063,0.00326111628514
54014,1.0,2.0,2.0,0.0,1.0,2.0,12.0,-1558.58378135,0.00326437874143
54925,1.0,2.0,2.0,0.0,1.0,3.0,12.0,-1554.13551979,0.00327447877793
36833,1.0,2.0,2.0,1.0,0.0,0.0,12.0,,
37744,1.0,2.0,2.0,1.0,0.0,1.0,12.0,,
38655,1.0,2.0,2.0,1.0,0.0,2.0,12.0,,
39566,1.0,2.0,2.0,1.0,0.0,3.0,12.0,,
66602,1.0,2.0,2.0,1.0,1.0,0.0,12.0,-1571.75336578,0.00326198809786
67513,1.0,2.0,2.0,1.0,1.0,1.0,12.0,-1558.21803177,0.00326233149786
45859,0.0,1.0,1.0,1.0,1.0,3.0,12.0,-1584.77768526,0.00104360588297
85290,0.0,1.0,2.0,2.0,1.0,3.0,12.0,-1578.08150774,0.00106450468316
92564,0.0,2.0,0.0,2.0,0.0,0.0,12.0,-1458.23663104,0.00173270030951
8777,0.0,2.0,0.0,3.0,0.0,2.0,12.0,-1460.19108089,0.00166493867498
9688,0.0,2.0,0.0,3.0,0.0,3.0,12.0,,
32887,0.0,2.0,1.0,3.0,0.0,1.0,12.0,,
34709,0.0,2.0,1.0,3.0,0.0,3.0,12.0,,
57908,0.0,2.0,2.0,3.0,0.0,1.0,12.0,,
54109,0.0,2.0,3.0,1.0,0.0,1.0,12.0,,
70341,0.0,2.0,3.0,2.0,0.0,3.0,12.0,,
91,0.0,2.0,3.0,2.0,1.0,3.0,12.0,,
26416,1.0,0.0,3.0,2.0,1.0,0.0,12.0,-1510.91374841,0.00124103697976
22013,1.0,1.0,1.0,1.0,0.0,0.0,12.0,-1625.20520153,0.00103578053877
18948,1.0,1.0,3.0,2.0,1.0,3.0,12.0,-1585.64785513,0.00100962051003
15611,1.0,2.0,0.0,3.0,0.0,0.0,12.0,-1547.14152472,0.0012891278822
45380,1.0,2.0,0.0,3.0,1.0,0.0,12.0,-1487.51535634,0.0034869741208
68424,1.0,2.0,2.0,1.0,1.0,2.0,12.0,-1569.80800988,0.00324174935701
69335,1.0,2.0,2.0,1.0,1.0,3.0,12.0,-1549.50931729,0.00328290965392
51243,1.0,2.0,2.0,2.0,0.0,0.0,12.0,,
52154,1.0,2.0,2.0,2.0,0.0,1.0,12.0,,
53065,1.0,2.0,2.0,2.0,0.0,2.0,12.0,,
53976,1.0,2.0,2.0,2.0,0.0,3.0,12.0,,
81012,1.0,2.0,2.0,2.0,1.0,0.0,12.0,-1567.05629874,0.00325619195708
81923,1.0,2.0,2.0,2.0,1.0,1.0,12.0,-1555.67895429,0.00326244928059
82834,1.0,2.0,2.0,2.0,1.0,2.0,12.0,-1548.10494998,0.00329111922368
83745,1.0,2.0,2.0,2.0,1.0,3.0,12.0,-1547.54199027,0.00327834833095
65653,1.0,2.0,2.0,3.0,0.0,0.0,12.0,,
66564,1.0,2.0,2.0,3.0,0.0,1.0,12.0,,
67475,1.0,2.0,2.0,3.0,0.0,2.0,12.0,,
68386,1.0,2.0,2.0,3.0,0.0,3.0,12.0,,
95422,1.0,2.0,2.0,3.0,1.0,0.0,12.0,-1562.46188761,0.00326044828096
96333,1.0,2.0,2.0,3.0,1.0,1.0,12.0,-1554.8945857,0.00327071275551
97244,1.0,2.0,2.0,3.0,1.0,2.0,12.0,-1553.16665066,0.00327743408124
98155,1.0,2.0,2.0,3.0,1.0,3.0,12.0,-1562.40516811,0.00323131654869
47444,1.0,2.0,3.0,0.0,0.0,0.0,12.0,,
48355,1.0,2.0,3.0,0.0,0.0,1.0,12.0,,
49266,1.0,2.0,3.0,0.0,0.0,2.0,12.0,,
50177,1.0,2.0,3.0,0.0,0.0,3.0,12.0,,
77213,1.0,2.0,3.0,0.0,1.0,0.0,12.0,-1539.75444246,0.00331264271594
78124,1.0,2.0,3.0,0.0,1.0,1.0,12.0,-1547.15955774,0.00328576542558
79035,1.0,2.0,3.0,0.0,1.0,2.0,12.0,-1544.95319288,0.00328836732178
79946,1.0,2.0,3.0,0.0,1.0,3.0,12.0,-1540.36495397,0.00329978901919
61854,1.0,2.0,3.0,1.0,0.0,0.0,12.0,,
62765,1.0,2.0,3.0,1.0,0.0,1.0,12.0,,
63676,1.0,2.0,3.0,1.0,0.0,2.0,12.0,,
64587,1.0,2.0,3.0,1.0,0.0,3.0,12.0,,
91623,1.0,2.0,3.0,1.0,1.0,0.0,12.0,-1563.84469405,0.00327120678201
92534,1.0,2.0,3.0,1.0,1.0,1.0,12.0,-1544.92932592,0.00328696177296
93445,1.0,2.0,3.0,1.0,1.0,2.0,12.0,-1565.94437949,0.00324674072291
94356,1.0,2.0,3.0,1.0,1.0,3.0,12.0,-1555.63853016,0.00325426316988
76264,1.0,2.0,3.0,2.0,0.0,0.0,12.0,,
77175,1.0,2.0,3.0,2.0,0.0,1.0,12.0,,
78086,1.0,2.0,3.0,2.0,0.0,2.0,12.0,,
78997,1.0,2.0,3.0,2.0,0.0,3.0,12.0,,
6014,1.0,2.0,3.0,2.0,1.0,0.0,12.0,-1556.57277334,0.00327110761082
6925,1.0,2.0,3.0,2.0,1.0,1.0,12.0,-1542.14214817,0.00328780074536
7836,1.0,2.0,3.0,2.0,1.0,2.0,12.0,-1559.60526399,0.00325281813949
8747,1.0,2.0,3.0,2.0,1.0,3.0,12.0,-1549.7963328,0.00326210724721
90674,1.0,2.0,3.0,3.0,0.0,0.0,12.0,,
91585,1.0,2.0,3.0,3.0,0.0,1.0,12.0,,
92496,1.0,2.0,3.0,3.0,0.0,2.0,12.0,,
93407,1.0,2.0,3.0,3.0,0.0,3.0,12.0,,
20424,1.0,2.0,3.0,3.0,1.0,0.0,12.0,-1548.93749752,0.0032934368563
21335,1.0,2.0,3.0,3.0,1.0,1.0,12.0,-1540.58625686,0.00330531468837
22246,1.0,2.0,3.0,3.0,1.0,2.0,12.0,-1542.37498145,0.00330739504825
23157,1.0,2.0,3.0,3.0,1.0,3.0,12.0,-1554.36127124,0.0032557762389
1439,2.0,0.0,0.0,0.0,0.0,0.0,12.0,,
2350,2.0,0.0,0.0,0.0,0.0,1.0,12.0,,
3261,2.0,0.0,0.0,0.0,0.0,2.0,12.0,,
4172,2.0,0.0,0.0,0.0,0.0,3.0,12.0,,
31208,2.0,0.0,0.0,0.0,1.0,0.0,12.0,-1571.30546634,0.0010258558062
32119,2.0,0.0,0.0,0.0,1.0,1.0,12.0,-1464.85081902,0.00145604159316
33030,2.0,0.0,0.0,0.0,1.0,2.0,12.0,-1550.63200103,0.00112229696889
33941,2.0,0.0,0.0,0.0,1.0,3.0,12.0,,
15849,2.0,0.0,0.0,1.0,0.0,0.0,12.0,,
16760,2.0,0.0,0.0,1.0,0.0,1.0,12.0,,
17671,2.0,0.0,0.0,1.0,0.0,2.0,12.0,,
18582,2.0,0.0,0.0,1.0,0.0,3.0,12.0,,
45618,2.0,0.0,0.0,1.0,1.0,0.0,12.0,-1451.90441095,0.0014513988898
46529,2.0,0.0,0.0,1.0,1.0,1.0,12.0,-1543.35212868,0.00111781809395
47440,2.0,0.0,0.0,1.0,1.0,2.0,12.0,-1523.43977808,0.00118907146654
48351,2.0,0.0,0.0,1.0,1.0,3.0,12.0,,
30259,2.0,0.0,0.0,2.0,0.0,0.0,12.0,,
31170,2.0,0.0,0.0,2.0,0.0,1.0,12.0,,
32081,2.0,0.0,0.0,2.0,0.0,2.0,12.0,,
32992,2.0,0.0,0.0,2.0,0.0,3.0,12.0,,
60028,2.0,0.0,0.0,2.0,1.0,0.0,12.0,-1514.64868562,0.00124084246335
60939,2.0,0.0,0.0,2.0,1.0,1.0,12.0,-1498.16900487,0.00128359517161
61850,2.0,0.0,0.0,2.0,1.0,2.0,12.0,-1567.97277954,0.000979501933996
62761,2.0,0.0,0.0,2.0,1.0,3.0,12.0,,
44669,2.0,0.0,0.0,3.0,0.0,0.0,12.0,,
45580,2.0,0.0,0.0,3.0,0.0,1.0,12.0,,
46491,2.0,0.0,0.0,3.0,0.0,2.0,12.0,,
47402,2.0,0.0,0.0,3.0,0.0,3.0,12.0,,
74438,2.0,0.0,0.0,3.0,1.0,0.0,12.0,-1511.82520629,0.00123764281616
75349,2.0,0.0,0.0,3.0,1.0,1.0,12.0,-1562.43320802,0.00108943234125
76260,2.0,0.0,0.0,3.0,1.0,2.0,12.0,-1572.00016123,0.00101027701242
77171,2.0,0.0,0.0,3.0,1.0,3.0,12.0,,
26460,2.0,0.0,1.0,0.0,0.0,0.0,12.0,,
27371,2.0,0.0,1.0,0.0,0.0,1.0,12.0,,
28282,2.0,0.0,1.0,0.0,0.0,2.0,12.0,,
29193,2.0,0.0,1.0,0.0,0.0,3.0,12.0,,
56229,2.0,0.0,1.0,0.0,1.0,0.0,12.0,-1571.64780877,0.00102744294219
57140,2.0,0.0,1.0,0.0,1.0,1.0,12.0,-1576.21465087,0.000973342002938
58051,2.0,0.0,1.0,0.0,1.0,2.0,12.0,-1553.04154421,0.00110397155311
58962,2.0,0.0,1.0,0.0,1.0,3.0,12.0,,
40870,2.0,0.0,1.0,1.0,0.0,0.0,12.0,,
41781,2.0,0.0,1.0,1.0,0.0,1.0,12.0,,
42692,2.0,0.0,1.0,1.0,0.0,2.0,12.0,,
43603,2.0,0.0,1.0,1.0,0.0,3.0,12.0,,
70639,2.0,0.0,1.0,1.0,1.0,0.0,12.0,-1451.41879296,0.00144636338283
71550,2.0,0.0,1.0,1.0,1.0,1.0,12.0,-1495.14157554,0.00128712764879
72461,2.0,0.0,1.0,1.0,1.0,2.0,12.0,-1557.99077878,0.00105111343661
73372,2.0,0.0,1.0,1.0,1.0,3.0,12.0,,
55280,2.0,0.0,1.0,2.0,0.0,0.0,12.0,,
56191,2.0,0.0,1.0,2.0,0.0,1.0,12.0,,
57102,2.0,0.0,1.0,2.0,0.0,2.0,12.0,,
58013,2.0,0.0,1.0,2.0,0.0,3.0,12.0,,
85049,2.0,0.0,1.0,2.0,1.0,0.0,12.0,-1513.44983722,0.00123542182082
85960,2.0,0.0,1.0,2.0,1.0,1.0,12.0,-1551.69294345,0.00115816085975
86871,2.0,0.0,1.0,2.0,1.0,2.0,12.0,-1571.39371979,0.000995783500617
87782,2.0,0.0,1.0,2.0,1.0,3.0,12.0,,
69690,2.0,0.0,1.0,3.0,0.0,0.0,12.0,,
70601,2.0,0.0,1.0,3.0,0.0,1.0,12.0,,
71512,2.0,0.0,1.0,3.0,0.0,2.0,12.0,,
72423,2.0,0.0,1.0,3.0,0.0,3.0,12.0,,
99459,2.0,0.0,1.0,3.0,1.0,0.0,12.0,-1510.83081127,0.00123003799141
351,2.0,0.0,1.0,3.0,1.0,1.0,12.0,-1553.16910751,0.00114118175194
1262,2.0,0.0,1.0,3.0,1.0,2.0,12.0,-1573.6601563,0.00101367985392
2173,2.0,0.0,1.0,3.0,1.0,3.0,12.0,,
51481,2.0,0.0,2.0,0.0,0.0,0.0,12.0,,
52392,2.0,0.0,2.0,0.0,0.0,1.0,12.0,,
53303,2.0,0.0,2.0,0.0,0.0,2.0,12.0,,
54214,2.0,0.0,2.0,0.0,0.0,3.0,12.0,,
81250,2.0,0.0,2.0,0.0,1.0,0.0,12.0,-1569.72525288,0.00102896121359
82161,2.0,0.0,2.0,0.0,1.0,1.0,12.0,-1525.42395776,0.00124898160137
83072,2.0,0.0,2.0,0.0,1.0,2.0,12.0,-1542.86827163,0.00112831775426
83983,2.0,0.0,2.0,0.0,1.0,3.0,12.0,,
65891,2.0,0.0,2.0,1.0,0.0,0.0,12.0,,
66802,2.0,0.0,2.0,1.0,0.0,1.0,12.0,,
67713,2.0,0.0,2.0,1.0,0.0,2.0,12.0,,
68624,2.0,0.0,2.0,1.0,0.0,3.0,12.0,,
95660,2.0,0.0,2.0,1.0,1.0,0.0,12.0,-1449.27448954,0.00144060407895
96571,2.0,0.0,2.0,1.0,1.0,1.0,12.0,-1493.04581064,0.00128665277969
97482,2.0,0.0,2.0,1.0,1.0,2.0,12.0,-1521.02496896,0.00118574872126
98393,2.0,0.0,2.0,1.0,1.0,3.0,12.0,,
80301,2.0,0.0,2.0,2.0,0.0,0.0,12.0,,
81212,2.0,0.0,2.0,2.0,0.0,1.0,12.0,,
82123,2.0,0.0,2.0,2.0,0.0,2.0,12.0,,
83034,2.0,0.0,2.0,2.0,0.0,3.0,12.0,,
10051,2.0,0.0,2.0,2.0,1.0,0.0,12.0,-1557.23998851,0.00112291167639
10962,2.0,0.0,2.0,2.0,1.0,1.0,12.0,-1554.5821853,0.00112876168132
11873,2.0,0.0,2.0,2.0,1.0,2.0,12.0,-1565.6570542,0.00104802801866
12784,2.0,0.0,2.0,2.0,1.0,3.0,12.0,,
94711,2.0,0.0,2.0,3.0,0.0,0.0,12.0,,
95622,2.0,0.0,2.0,3.0,0.0,1.0,12.0,,
96533,2.0,0.0,2.0,3.0,0.0,2.0,12.0,,
97444,2.0,0.0,2.0,3.0,0.0,3.0,12.0,,
24461,2.0,0.0,2.0,3.0,1.0,0.0,12.0,-1534.69089043,0.0011818939395
25372,2.0,0.0,2.0,3.0,1.0,1.0,12.0,-1543.13536914,0.00117460870369
26283,2.0,0.0,2.0,3.0,1.0,2.0,12.0,-1560.9766941,0.0010716571477
27194,2.0,0.0,2.0,3.0,1.0,3.0,12.0,,
76502,2.0,0.0,3.0,0.0,0.0,0.0,12.0,,
77413,2.0,0.0,3.0,0.0,0.0,1.0,12.0,,
78324,2.0,0.0,3.0,0.0,0.0,2.0,12.0,,
79235,2.0,0.0,3.0,0.0,0.0,3.0,12.0,,
6252,2.0,0.0,3.0,0.0,1.0,0.0,12.0,-1566.18478942,0.00102934317398
7163,2.0,0.0,3.0,0.0,1.0,1.0,12.0,-1568.14118856,0.00103807583495
8074,2.0,0.0,3.0,0.0,1.0,2.0,12.0,-1561.38616657,0.00105672800955
8985,2.0,0.0,3.0,0.0,1.0,3.0,12.0,,
90912,2.0,0.0,3.0,1.0,0.0,0.0,12.0,,
91823,2.0,0.0,3.0,1.0,0.0,1.0,12.0,,
92734,2.0,0.0,3.0,1.0,0.0,2.0,12.0,,
93645,2.0,0.0,3.0,1.0,0.0,3.0,12.0,,
20662,2.0,0.0,3.0,1.0,1.0,0.0,12.0,-1446.44732527,0.00144160120542
21573,2.0,0.0,3.0,1.0,1.0,1.0,12.0,-1490.16875756,0.00128801456879
22484,2.0,0.0,3.0,1.0,1.0,2.0,12.0,-1517.96388964,0.00118808827084
23395,2.0,0.0,3.0,1.0,1.0,3.0,12.0,,
5303,2.0,0.0,3.0,2.0,0.0,0.0,12.0,,
6214,2.0,0.0,3.0,2.0,0.0,1.0,12.0,,
7125,2.0,0.0,3.0,2.0,0.0,2.0,12.0,,
8036,2.0,0.0,3.0,2.0,0.0,3.0,12.0,,
35072,2.0,0.0,3.0,2.0,1.0,0.0,12.0,-1508.62213053,0.00123946090971
35983,2.0,0.0,3.0,2.0,1.0,1.0,12.0,-1553.15673365,0.00110559662829
36894,2.0,0.0,3.0,2.0,1.0,2.0,12.0,-1568.54334882,0.00100075790951
37805,2.0,0.0,3.0,2.0,1.0,3.0,12.0,,
19713,2.0,0.0,3.0,3.0,0.0,0.0,12.0,,
20624,2.0,0.0,3.0,3.0,0.0,1.0,12.0,,
21535,2.0,0.0,3.0,3.0,0.0,2.0,12.0,,
22446,2.0,0.0,3.0,3.0,0.0,3.0,12.0,,
49482,2.0,0.0,3.0,3.0,1.0,0.0,12.0,-1505.86562465,0.00123481608527
50393,2.0,0.0,3.0,3.0,1.0,1.0,12.0,-1554.15916681,0.00108324407082
51304,2.0,0.0,3.0,3.0,1.0,2.0,12.0,-1549.08273975,0.0011332666511
52215,2.0,0.0,3.0,3.0,1.0,3.0,12.0,,
91257,2.0,1.0,0.0,0.0,0.0,0.0,12.0,-1174.36934917,0.00340662299634
92168,2.0,1.0,0.0,0.0,0.0,1.0,12.0,-1321.9892468,0.00230153422456
93079,2.0,1.0,0.0,0.0,0.0,2.0,12.0,,
93990,2.0,1.0,0.0,0.0,0.0,3.0,12.0,,
21007,2.0,1.0,0.0,0.0,1.0,0.0,12.0,-1573.73413681,0.00105369128156
21918,2.0,1.0,0.0,0.0,1.0,1.0,12.0,-1591.19282389,0.00101970658289
22829,2.0,1.0,0.0,0.0,1.0,2.0,12.0,-1589.3440884,0.00101320049235
23740,2.0,1.0,0.0,0.0,1.0,3.0,12.0,-1584.79252846,0.00104119972664
5648,2.0,1.0,0.0,1.0,0.0,0.0,12.0,-1605.74966879,0.00116433887727
6559,2.0,1.0,0.0,1.0,0.0,1.0,12.0,-1629.11104984,0.00106624300539
7470,2.0,1.0,0.0,1.0,0.0,2.0,12.0,-1651.28891946,0.00103887074426
8381,2.0,1.0,0.0,1.0,0.0,3.0,12.0,,
35417,2.0,1.0,0.0,1.0,1.0,0.0,12.0,-1590.90050963,0.00103099654404
36328,2.0,1.0,0.0,1.0,1.0,1.0,12.0,-1589.06579893,0.00102083015952
37239,2.0,1.0,0.0,1.0,1.0,2.0,12.0,-1586.00386375,0.00101206842053
38150,2.0,1.0,0.0,1.0,1.0,3.0,12.0,-1592.90024674,0.00100381732514
20058,2.0,1.0,0.0,2.0,0.0,0.0,12.0,-1629.34521601,0.00107800260244
20969,2.0,1.0,0.0,2.0,0.0,1.0,12.0,-1627.83239107,0.00106839007938
21880,2.0,1.0,0.0,2.0,0.0,2.0,12.0,-1622.11255823,0.00109547116562
22791,2.0,1.0,0.0,2.0,0.0,3.0,12.0,,
49827,2.0,1.0,0.0,2.0,1.0,0.0,12.0,-1588.49819974,0.00102719328645
50738,2.0,1.0,0.0,2.0,1.0,1.0,12.0,-1586.93898448,0.00101926734294
51649,2.0,1.0,0.0,2.0,1.0,2.0,12.0,-1582.87472501,0.0010152691301
52560,2.0,1.0,0.0,2.0,1.0,3.0,12.0,-1577.77340968,0.00106324974424
34468,2.0,1.0,0.0,3.0,0.0,0.0,12.0,-1625.97037724,0.00108184424638
35379,2.0,1.0,0.0,3.0,0.0,1.0,12.0,-1625.54008706,0.00106718486239
36290,2.0,1.0,0.0,3.0,0.0,2.0,12.0,-1618.33181495,0.00109604083159
37201,2.0,1.0,0.0,3.0,0.0,3.0,12.0,,
64237,2.0,1.0,0.0,3.0,1.0,0.0,12.0,-1591.21328593,0.000989359771064
65148,2.0,1.0,0.0,3.0,1.0,1.0,12.0,-1590.40179925,0.000987794467828
66059,2.0,1.0,0.0,3.0,1.0,2.0,12.0,-1592.22448056,0.000982516262578
66970,2.0,1.0,0.0,3.0,1.0,3.0,12.0,-1578.9430823,0.00104492417013
16259,2.0,1.0,1.0,0.0,0.0,0.0,12.0,-1176.640115,0.00326298331091
17170,2.0,1.0,1.0,0.0,0.0,1.0,12.0,-1321.3985788,0.00225982693872
18081,2.0,1.0,1.0,0.0,0.0,2.0,12.0,,
18992,2.0,1.0,1.0,0.0,0.0,3.0,12.0,,
46028,2.0,1.0,1.0,0.0,1.0,0.0,12.0,-1571.00013688,0.00105186636228
46939,2.0,1.0,1.0,0.0,1.0,1.0,12.0,-1588.31096806,0.00102170450627
47850,2.0,1.0,1.0,0.0,1.0,2.0,12.0,-1586.46000827,0.00101565365339
48761,2.0,1.0,1.0,0.0,1.0,3.0,12.0,-1582.02146198,0.00104352017308
30669,2.0,1.0,1.0,1.0,0.0,0.0,12.0,-1631.10234949,0.00102552199667
31580,2.0,1.0,1.0,1.0,0.0,1.0,12.0,-1652.896405,0.000978354056269
32491,2.0,1.0,1.0,1.0,0.0,2.0,12.0,-1656.54348733,0.00100544634188
33402,2.0,1.0,1.0,1.0,0.0,3.0,12.0,,
60438,2.0,1.0,1.0,1.0,1.0,0.0,12.0,-1588.00844106,0.00103347441723
61349,2.0,1.0,1.0,1.0,1.0,1.0,12.0,-1586.18304679,0.00102280565393
62260,2.0,1.0,1.0,1.0,1.0,2.0,12.0,-1583.07663979,0.00101505839756
63171,2.0,1.0,1.0,1.0,1.0,3.0,12.0,-1580.65048254,0.00104574772621
45079,2.0,1.0,1.0,2.0,0.0,0.0,12.0,-1657.24992652,0.00100648996387
45990,2.0,1.0,1.0,2.0,0.0,1.0,12.0,-1655.82902022,0.00100429077341
46901,2.0,1.0,1.0,2.0,0.0,2.0,12.0,-1654.0671529,0.00101655004987
47812,2.0,1.0,1.0,2.0,0.0,3.0,12.0,,
74848,2.0,1.0,1.0,2.0,1.0,0.0,12.0,-1585.6162051,0.0010293433714
75759,2.0,1.0,1.0,2.0,1.0,1.0,12.0,-1584.04780399,0.00102128466212
76670,2.0,1.0,1.0,2.0,1.0,2.0,12.0,-1583.6436906,0.0010171822711
77581,2.0,1.0,1.0,2.0,1.0,3.0,12.0,-1575.06775032,0.00106293479772
59489,2.0,1.0,1.0,3.0,0.0,0.0,12.0,-1654.83535533,0.00100046804763
60400,2.0,1.0,1.0,3.0,0.0,1.0,12.0,-1644.63219376,0.000984109583106
61311,2.0,1.0,1.0,3.0,0.0,2.0,12.0,-1654.18279902,0.00100632614737
62222,2.0,1.0,1.0,3.0,0.0,3.0,12.0,,
89258,2.0,1.0,1.0,3.0,1.0,0.0,12.0,-1588.5707992,0.000990559793961
90169,2.0,1.0,1.0,3.0,1.0,1.0,12.0,-1587.76231884,0.000988725913716
91080,2.0,1.0,1.0,3.0,1.0,2.0,12.0,,-0.0727516210203
91991,2.0,1.0,1.0,3.0,1.0,3.0,12.0,-1576.46533715,0.00104509218492
41280,2.0,1.0,2.0,0.0,0.0,0.0,12.0,-1175.45635855,0.00320611166568
42191,2.0,1.0,2.0,0.0,0.0,1.0,12.0,-1319.31335092,0.00224983216169
43102,2.0,1.0,2.0,0.0,0.0,2.0,12.0,,
44013,2.0,1.0,2.0,0.0,0.0,3.0,12.0,,
71049,2.0,1.0,2.0,0.0,1.0,0.0,12.0,-1569.90671191,0.00104999947637
71960,2.0,1.0,2.0,0.0,1.0,1.0,12.0,-1586.39783473,0.00102106460585
72871,2.0,1.0,2.0,0.0,1.0,2.0,12.0,-1584.58769576,0.00101509492681
73782,2.0,1.0,2.0,0.0,1.0,3.0,12.0,-1580.41944997,0.00103907554751
55690,2.0,1.0,2.0,1.0,0.0,0.0,12.0,-1627.47725673,0.00102800493215
56601,2.0,1.0,2.0,1.0,0.0,1.0,12.0,-1650.52090899,0.000982854514231
57512,2.0,1.0,2.0,1.0,0.0,2.0,12.0,-1655.24809077,0.00100214857781
58423,2.0,1.0,2.0,1.0,0.0,3.0,12.0,,
85459,2.0,1.0,2.0,1.0,1.0,0.0,12.0,-1585.96054485,0.00103293775046
86370,2.0,1.0,2.0,1.0,1.0,1.0,12.0,-1584.26851036,0.00102220422619
87281,2.0,1.0,2.0,1.0,1.0,2.0,12.0,-1581.16052203,0.00101447327417
88192,2.0,1.0,2.0,1.0,1.0,3.0,12.0,-1578.97935581,0.00104161668594
70100,2.0,1.0,2.0,2.0,0.0,0.0,12.0,-1655.26404572,0.00100545707269
71011,2.0,1.0,2.0,2.0,0.0,1.0,12.0,-1653.68777245,0.00100084376213
71922,2.0,1.0,2.0,2.0,0.0,2.0,12.0,-1656.27373687,0.000981896531849
72833,2.0,1.0,2.0,2.0,0.0,3.0,12.0,,
99869,2.0,1.0,2.0,2.0,1.0,0.0,12.0,-1583.67401717,0.00102899627258
761,2.0,1.0,2.0,2.0,1.0,1.0,12.0,-1582.11899784,0.00102077689687
1672,2.0,1.0,2.0,2.0,1.0,2.0,12.0,-1577.9053821,0.00101788966516
2583,2.0,1.0,2.0,2.0,1.0,3.0,12.0,-1573.49089988,0.00105780542762
84510,2.0,1.0,2.0,3.0,0.0,0.0,12.0,-1650.45772082,0.000999146417573
85421,2.0,1.0,2.0,3.0,0.0,1.0,12.0,-1650.30269408,0.000981535920938
86332,2.0,1.0,2.0,3.0,0.0,2.0,12.0,-1656.01944708,0.000987727689054
87243,2.0,1.0,2.0,3.0,0.0,3.0,12.0,,
14260,2.0,1.0,2.0,3.0,1.0,0.0,12.0,-1586.97333683,0.000988596193434
15171,2.0,1.0,2.0,3.0,1.0,1.0,12.0,-1586.18394275,0.0009860617173
16082,2.0,1.0,2.0,3.0,1.0,2.0,12.0,-1584.22772864,0.000986716021794
16993,2.0,1.0,2.0,3.0,1.0,3.0,12.0,-1575.02040126,0.00104026121001
66301,2.0,1.0,3.0,0.0,0.0,0.0,12.0,-1179.84759799,0.00314203333857
67212,2.0,1.0,3.0,0.0,0.0,1.0,12.0,-1317.74382308,0.00226163242551
68123,2.0,1.0,3.0,0.0,0.0,2.0,12.0,,
69034,2.0,1.0,3.0,0.0,0.0,3.0,12.0,,
96070,2.0,1.0,3.0,0.0,1.0,0.0,12.0,-1567.34651439,0.00105933068634
96981,2.0,1.0,3.0,0.0,1.0,1.0,12.0,-1584.02729588,0.0010237447846
97892,2.0,1.0,3.0,0.0,1.0,2.0,12.0,-1582.17430293,0.00101756100231
98803,2.0,1.0,3.0,0.0,1.0,3.0,12.0,-1577.80044269,0.00104235508121
80711,2.0,1.0,3.0,1.0,0.0,0.0,12.0,-1633.96524991,0.00103348782143
81622,2.0,1.0,3.0,1.0,0.0,1.0,12.0,-1648.93283135,0.000981360721505
82533,2.0,1.0,3.0,1.0,0.0,2.0,12.0,-1653.92621941,0.00100226997044
83444,2.0,1.0,3.0,1.0,0.0,3.0,12.0,,
10461,2.0,1.0,3.0,1.0,1.0,0.0,12.0,-1583.69041242,0.00103486452312
11372,2.0,1.0,3.0,1.0,1.0,1.0,12.0,-1581.90368457,0.00102489261467
12283,2.0,1.0,3.0,1.0,1.0,2.0,12.0,-1578.75511985,0.00101732261552
13194,2.0,1.0,3.0,1.0,1.0,3.0,12.0,-1576.25507922,0.00104555285849
95121,2.0,1.0,3.0,2.0,0.0,0.0,12.0,-1653.95479475,0.00100531252975
96032,2.0,1.0,3.0,2.0,0.0,1.0,12.0,-1650.33774025,0.000987196090622
96943,2.0,1.0,3.0,2.0,0.0,2.0,12.0,-1652.65857847,0.000996680303125
97854,2.0,1.0,3.0,2.0,0.0,3.0,12.0,,
24871,2.0,1.0,3.0,2.0,1.0,0.0,12.0,-1581.35236182,0.00103142740223
25782,2.0,1.0,3.0,2.0,1.0,1.0,12.0,-1579.74763239,0.00102319910084
26693,2.0,1.0,3.0,2.0,1.0,2.0,12.0,-1575.52721595,0.00102125661524
27604,2.0,1.0,3.0,2.0,1.0,3.0,12.0,-1570.72019606,0.0010638107634
9512,2.0,1.0,3.0,3.0,0.0,0.0,12.0,-1652.0259794,0.00100201522278
10423,2.0,1.0,3.0,3.0,0.0,1.0,12.0,-1650.64517781,0.000990945230728
11334,2.0,1.0,3.0,3.0,0.0,2.0,12.0,-1181.85888817,0.00126943389856
12245,2.0,1.0,3.0,3.0,0.0,3.0,12.0,,
39281,2.0,1.0,3.0,3.0,1.0,0.0,12.0,-1584.13988728,0.000992173730901
40192,2.0,1.0,3.0,3.0,1.0,1.0,12.0,-1583.38728441,0.000990027201995
41103,2.0,1.0,3.0,3.0,1.0,2.0,12.0,-1581.34461576,0.000990568112333
42014,2.0,1.0,3.0,3.0,1.0,3.0,12.0,-1571.95880614,0.00104603393104
81056,2.0,2.0,0.0,0.0,0.0,0.0,12.0,-1060.56283454,0.00450371955569
81967,2.0,2.0,0.0,0.0,0.0,1.0,12.0,-1220.68171104,0.00279624486362
82878,2.0,2.0,0.0,0.0,0.0,2.0,12.0,-1269.4110286,0.00247069684322
83789,2.0,2.0,0.0,0.0,0.0,3.0,12.0,,
10806,2.0,2.0,0.0,0.0,1.0,0.0,12.0,-1504.60859675,0.00345173298244
11717,2.0,2.0,0.0,0.0,1.0,1.0,12.0,-1511.6267076,0.00343265960231
12628,2.0,2.0,0.0,0.0,1.0,2.0,12.0,-1511.36485725,0.00341654574891
13539,2.0,2.0,0.0,0.0,1.0,3.0,12.0,-1507.87335464,0.00342230010098
95466,2.0,2.0,0.0,1.0,0.0,0.0,12.0,-1556.82352818,0.0012135466239
96377,2.0,2.0,0.0,1.0,0.0,1.0,12.0,-1580.47053211,0.00115315389841
97288,2.0,2.0,0.0,1.0,0.0,2.0,12.0,-1598.17228021,0.00113523529115
98199,2.0,2.0,0.0,1.0,0.0,3.0,12.0,,
25216,2.0,2.0,0.0,1.0,1.0,0.0,12.0,-1527.145079,0.00340888010256
26127,2.0,2.0,0.0,1.0,1.0,1.0,12.0,-1509.24668429,0.00343454265618
27038,2.0,2.0,0.0,1.0,1.0,2.0,12.0,-1504.04575497,0.00343171411472
27949,2.0,2.0,0.0,1.0,1.0,3.0,12.0,-1503.12050605,0.00342996361164
9857,2.0,2.0,0.0,2.0,0.0,0.0,12.0,-1582.88914938,0.0011948875795
10768,2.0,2.0,0.0,2.0,0.0,1.0,12.0,-1591.15576608,0.00115564869614
11679,2.0,2.0,0.0,2.0,0.0,2.0,12.0,-1596.91671404,0.00115149310133
12590,2.0,2.0,0.0,2.0,0.0,3.0,12.0,,
39626,2.0,2.0,0.0,2.0,1.0,0.0,12.0,-1520.201579,0.00341342168996
40537,2.0,2.0,0.0,2.0,1.0,1.0,12.0,-1507.01719629,0.00343196672256
41448,2.0,2.0,0.0,2.0,1.0,2.0,12.0,-1502.47322932,0.00343098448135
42359,2.0,2.0,0.0,2.0,1.0,3.0,12.0,-1499.32884958,0.00344716605229
24267,2.0,2.0,0.0,3.0,0.0,0.0,12.0,-1590.02980907,0.00118220066089
25178,2.0,2.0,0.0,3.0,0.0,1.0,12.0,-1588.28978927,0.00116539946253
26089,2.0,2.0,0.0,3.0,0.0,2.0,12.0,-1594.07655822,0.00115532881703
27000,2.0,2.0,0.0,3.0,0.0,3.0,12.0,,
54036,2.0,2.0,0.0,3.0,1.0,0.0,12.0,-1510.15698687,0.00343998328356
54947,2.0,2.0,0.0,3.0,1.0,1.0,12.0,-1502.28821591,0.00345760552104
55858,2.0,2.0,0.0,3.0,1.0,2.0,12.0,-1503.37787425,0.00345222579462
56769,2.0,2.0,0.0,3.0,1.0,3.0,12.0,-1470.54501061,0.00352269279863
6058,2.0,2.0,1.0,0.0,0.0,0.0,12.0,-1170.3385276,0.00352244569912
6969,2.0,2.0,1.0,0.0,0.0,1.0,12.0,-1313.72081785,0.00235156884054
7880,2.0,2.0,1.0,0.0,0.0,2.0,12.0,-1370.04382684,0.0019640547645
8791,2.0,2.0,1.0,0.0,0.0,3.0,12.0,,
35827,2.0,2.0,1.0,0.0,1.0,0.0,12.0,-1542.21303829,0.00331301589739
36738,2.0,2.0,1.0,0.0,1.0,1.0,12.0,-1548.41573192,0.00329644913277
37649,2.0,2.0,1.0,0.0,1.0,2.0,12.0,-1546.70308653,0.00329430064364
38560,2.0,2.0,1.0,0.0,1.0,3.0,12.0,-1542.35823291,0.00330401434352
20468,2.0,2.0,1.0,1.0,0.0,0.0,12.0,-1589.64032642,0.00110773569001
21379,2.0,2.0,1.0,1.0,0.0,1.0,12.0,-1650.15803116,0.000986236836719
22290,2.0,2.0,1.0,1.0,0.0,2.0,12.0,-1629.92738795,0.00103855836798
23201,2.0,2.0,1.0,1.0,0.0,3.0,12.0,,
50237,2.0,2.0,1.0,1.0,1.0,0.0,12.0,-1561.22923259,0.00328698209186
51148,2.0,2.0,1.0,1.0,1.0,1.0,12.0,-1546.16533968,0.00329701293964
52059,2.0,2.0,1.0,1.0,1.0,2.0,12.0,-1568.725194,0.00324817226236
52970,2.0,2.0,1.0,1.0,1.0,3.0,12.0,-1537.80346644,0.00331234414346
34878,2.0,2.0,1.0,2.0,0.0,0.0,12.0,-1627.45264364,0.00107226017849
35789,2.0,2.0,1.0,2.0,0.0,1.0,12.0,-1632.96614414,0.00103346552496
36700,2.0,2.0,1.0,2.0,0.0,2.0,12.0,-1631.88298599,0.00104895324198
37611,2.0,2.0,1.0,2.0,0.0,3.0,12.0,,
64647,2.0,2.0,1.0,2.0,1.0,0.0,12.0,-1555.73094919,0.00328728484162
65558,2.0,2.0,1.0,2.0,1.0,1.0,12.0,-1543.60228717,0.00329827576655
66469,2.0,2.0,1.0,2.0,1.0,2.0,12.0,-1536.57276922,0.00331963817429
67380,2.0,2.0,1.0,2.0,1.0,3.0,12.0,-1535.3561016,0.00330625260138
49288,2.0,2.0,1.0,3.0,0.0,0.0,12.0,-1612.68297248,0.0010800032798
50199,2.0,2.0,1.0,3.0,0.0,1.0,12.0,-1634.12070679,0.00102380785187
51110,2.0,2.0,1.0,3.0,0.0,2.0,12.0,-1631.48565424,0.00104253586503
52021,2.0,2.0,1.0,3.0,0.0,3.0,12.0,,
79057,2.0,2.0,1.0,3.0,1.0,0.0,12.0,-1549.73369671,0.00328646914898
79968,2.0,2.0,1.0,3.0,1.0,1.0,12.0,-1542.04886872,0.00329763594408
80879,2.0,2.0,1.0,3.0,1.0,2.0,12.0,-1542.71072924,0.00330942222447
81790,2.0,2.0,1.0,3.0,1.0,3.0,12.0,-1547.4965796,0.00327620556743
31079,2.0,2.0,2.0,0.0,0.0,0.0,12.0,,
31990,2.0,2.0,2.0,0.0,0.0,1.0,12.0,,
32901,2.0,2.0,2.0,0.0,0.0,2.0,12.0,,
33812,2.0,2.0,2.0,0.0,0.0,3.0,12.0,,
60848,2.0,2.0,2.0,0.0,1.0,0.0,12.0,-1542.36516346,0.00330564635988
61759,2.0,2.0,2.0,0.0,1.0,1.0,12.0,-1549.37384396,0.00328255618023
62670,2.0,2.0,2.0,0.0,1.0,2.0,12.0,-1547.37642667,0.00328418640632
63581,2.0,2.0,2.0,0.0,1.0,3.0,12.0,-1542.86820514,0.00329551799478
45489,2.0,2.0,2.0,1.0,0.0,0.0,12.0,,
46400,2.0,2.0,2.0,1.0,0.0,1.0,12.0,,
47311,2.0,2.0,2.0,1.0,0.0,2.0,12.0,,
48222,2.0,2.0,2.0,1.0,0.0,3.0,12.0,,
75258,2.0,2.0,2.0,1.0,1.0,0.0,12.0,-1564.61313852,0.00327315733418
76169,2.0,2.0,2.0,1.0,1.0,1.0,12.0,-1547.13300573,0.00328368643101
77080,2.0,2.0,2.0,1.0,1.0,2.0,12.0,-1564.37039521,0.00324829490605
77991,2.0,2.0,2.0,1.0,1.0,3.0,12.0,-1538.06641095,0.00330516065983
59899,2.0,2.0,2.0,2.0,0.0,0.0,12.0,,
60810,2.0,2.0,2.0,2.0,0.0,1.0,12.0,,
61721,2.0,2.0,2.0,2.0,0.0,2.0,12.0,,
62632,2.0,2.0,2.0,2.0,0.0,3.0,12.0,,
89668,2.0,2.0,2.0,2.0,1.0,0.0,12.0,-1558.03063207,0.0032714739002
90579,2.0,2.0,2.0,2.0,1.0,1.0,12.0,-1544.43586002,0.00328386623869
91490,2.0,2.0,2.0,2.0,1.0,2.0,12.0,-1536.92476907,0.00331121783019
92401,2.0,2.0,2.0,2.0,1.0,3.0,12.0,-1535.8770696,0.0033028951087
74309,2.0,2.0,2.0,3.0,0.0,0.0,12.0,,
75220,2.0,2.0,2.0,3.0,0.0,1.0,12.0,,
76131,2.0,2.0,2.0,3.0,0.0,2.0,12.0,,
77042,2.0,2.0,2.0,3.0,0.0,3.0,12.0,,
4059,2.0,2.0,2.0,3.0,1.0,0.0,12.0,-1550.77555018,0.00328875064017
4970,2.0,2.0,2.0,3.0,1.0,1.0,12.0,,0.00333243269071
5881,2.0,2.0,2.0,3.0,1.0,2.0,12.0,-1544.02236248,0.00330704042751
6792,2.0,2.0,2.0,3.0,1.0,3.0,12.0,-1551.84571169,0.0032692933399
56100,2.0,2.0,3.0,0.0,0.0,0.0,12.0,,
57011,2.0,2.0,3.0,0.0,0.0,1.0,12.0,,
57922,2.0,2.0,3.0,0.0,0.0,2.0,12.0,,
58833,2.0,2.0,3.0,0.0,0.0,3.0,12.0,,
85869,2.0,2.0,3.0,0.0,1.0,0.0,12.0,,
86780,2.0,2.0,3.0,0.0,1.0,1.0,12.0,,
87691,2.0,2.0,3.0,0.0,1.0,2.0,12.0,,
88602,2.0,2.0,3.0,0.0,1.0,3.0,12.0,,
70510,2.0,2.0,3.0,1.0,0.0,0.0,12.0,,
71421,2.0,2.0,3.0,1.0,0.0,1.0,12.0,,
72332,2.0,2.0,3.0,1.0,0.0,2.0,12.0,,
73243,2.0,2.0,3.0,1.0,0.0,3.0,12.0,,
260,2.0,2.0,3.0,1.0,1.0,0.0,12.0,,
1171,2.0,2.0,3.0,1.0,1.0,1.0,12.0,,
2082,2.0,2.0,3.0,1.0,1.0,2.0,12.0,,
2993,2.0,2.0,3.0,1.0,1.0,3.0,12.0,,
84920,2.0,2.0,3.0,2.0,0.0,0.0,12.0,,
85831,2.0,2.0,3.0,2.0,0.0,1.0,12.0,,
86742,2.0,2.0,3.0,2.0,0.0,2.0,12.0,,
87653,2.0,2.0,3.0,2.0,0.0,3.0,12.0,,
14670,2.0,2.0,3.0,2.0,1.0,0.0,12.0,,
15581,2.0,2.0,3.0,2.0,1.0,1.0,12.0,,
16492,2.0,2.0,3.0,2.0,1.0,2.0,12.0,,
17403,2.0,2.0,3.0,2.0,1.0,3.0,12.0,,
99330,2.0,2.0,3.0,3.0,0.0,0.0,12.0,,
222,2.0,2.0,3.0,3.0,0.0,1.0,12.0,,
1133,2.0,2.0,3.0,3.0,0.0,2.0,12.0,,
2044,2.0,2.0,3.0,3.0,0.0,3.0,12.0,,
29080,2.0,2.0,3.0,3.0,1.0,0.0,12.0,,
29991,2.0,2.0,3.0,3.0,1.0,1.0,12.0,,
30902,2.0,2.0,3.0,3.0,1.0,2.0,12.0,,
31813,2.0,2.0,3.0,3.0,1.0,3.0,12.0,,
10095,3.0,0.0,0.0,0.0,0.0,0.0,12.0,,
11006,3.0,0.0,0.0,0.0,0.0,1.0,12.0,,
11917,3.0,0.0,0.0,0.0,0.0,2.0,12.0,,
12828,3.0,0.0,0.0,0.0,0.0,3.0,12.0,,
39864,3.0,0.0,0.0,0.0,1.0,0.0,12.0,-1571.78891807,0.00102784209266
40775,3.0,0.0,0.0,0.0,1.0,1.0,12.0,-1571.99879274,0.0010356230301
41686,3.0,0.0,0.0,0.0,1.0,2.0,12.0,-1552.94754873,0.00109838448045
42597,3.0,0.0,0.0,0.0,1.0,3.0,12.0,,
24505,3.0,0.0,0.0,1.0,0.0,0.0,12.0,,
25416,3.0,0.0,0.0,1.0,0.0,1.0,12.0,,
26327,3.0,0.0,0.0,1.0,0.0,2.0,12.0,,
27238,3.0,0.0,0.0,1.0,0.0,3.0,12.0,,
54274,3.0,0.0,0.0,1.0,1.0,0.0,12.0,-1451.17481903,0.00144767271064
55185,3.0,0.0,0.0,1.0,1.0,1.0,12.0,-1559.45539734,0.00106384288207
56096,3.0,0.0,0.0,1.0,1.0,2.0,12.0,-1551.28407268,0.00108400139541
57007,3.0,0.0,0.0,1.0,1.0,3.0,12.0,,
38915,3.0,0.0,0.0,2.0,0.0,0.0,12.0,,
39826,3.0,0.0,0.0,2.0,0.0,1.0,12.0,,
40737,3.0,0.0,0.0,2.0,0.0,2.0,12.0,,
41648,3.0,0.0,0.0,2.0,0.0,3.0,12.0,,
68684,3.0,0.0,0.0,2.0,1.0,0.0,12.0,-1564.07374619,0.00106778106372
69595,3.0,0.0,0.0,2.0,1.0,1.0,12.0,-1551.46801227,0.00115231959441
70506,3.0,0.0,0.0,2.0,1.0,2.0,12.0,-1576.13789104,0.00102344093543
71417,3.0,0.0,0.0,2.0,1.0,3.0,12.0,,
53325,3.0,0.0,0.0,3.0,0.0,0.0,12.0,,
54236,3.0,0.0,0.0,3.0,0.0,1.0,12.0,,
55147,3.0,0.0,0.0,3.0,0.0,2.0,12.0,,
56058,3.0,0.0,0.0,3.0,0.0,3.0,12.0,,
83094,3.0,0.0,0.0,3.0,1.0,0.0,12.0,-1510.64497916,0.00123007517449
84005,3.0,0.0,0.0,3.0,1.0,1.0,12.0,-1493.86655997,0.00127772317325
84916,3.0,0.0,0.0,3.0,1.0,2.0,12.0,-1568.49233188,0.00103629384727
85827,3.0,0.0,0.0,3.0,1.0,3.0,12.0,,
35116,3.0,0.0,1.0,0.0,0.0,0.0,12.0,,
36027,3.0,0.0,1.0,0.0,0.0,1.0,12.0,,
36938,3.0,0.0,1.0,0.0,0.0,2.0,12.0,,
37849,3.0,0.0,1.0,0.0,0.0,3.0,12.0,,
64885,3.0,0.0,1.0,0.0,1.0,0.0,12.0,-1569.60891521,0.00102726781137
65796,3.0,0.0,1.0,0.0,1.0,1.0,12.0,-1560.92334434,0.00104541360186
66707,3.0,0.0,1.0,0.0,1.0,2.0,12.0,-1551.40096002,0.00109837397979
67618,3.0,0.0,1.0,0.0,1.0,3.0,12.0,,
49526,3.0,0.0,1.0,1.0,0.0,0.0,12.0,,
50437,3.0,0.0,1.0,1.0,0.0,1.0,12.0,,
51348,3.0,0.0,1.0,1.0,0.0,2.0,12.0,,
52259,3.0,0.0,1.0,1.0,0.0,3.0,12.0,,
79295,3.0,0.0,1.0,1.0,1.0,0.0,12.0,-1449.51162924,0.00144585224796
80206,3.0,0.0,1.0,1.0,1.0,1.0,12.0,-1493.21757964,0.00128684838092
81117,3.0,0.0,1.0,1.0,1.0,2.0,12.0,-1547.43663287,0.00107525212002
82028,3.0,0.0,1.0,1.0,1.0,3.0,12.0,,
63936,3.0,0.0,1.0,2.0,0.0,0.0,12.0,,
64847,3.0,0.0,1.0,2.0,0.0,1.0,12.0,,
65758,3.0,0.0,1.0,2.0,0.0,2.0,12.0,,
66669,3.0,0.0,1.0,2.0,0.0,3.0,12.0,,
93705,3.0,0.0,1.0,2.0,1.0,0.0,12.0,-1511.52568077,0.00123528197387
94616,3.0,0.0,1.0,2.0,1.0,1.0,12.0,-1537.90138489,0.00118356964462
95527,3.0,0.0,1.0,2.0,1.0,2.0,12.0,-1569.67142847,0.00102960989827
96438,3.0,0.0,1.0,2.0,1.0,3.0,12.0,,
78346,3.0,0.0,1.0,3.0,0.0,0.0,12.0,,
79257,3.0,0.0,1.0,3.0,0.0,1.0,12.0,,
80168,3.0,0.0,1.0,3.0,0.0,2.0,12.0,,
81079,3.0,0.0,1.0,3.0,0.0,3.0,12.0,,
8096,3.0,0.0,1.0,3.0,1.0,0.0,12.0,-1527.23103965,0.00121495030564
9007,3.0,0.0,1.0,3.0,1.0,1.0,12.0,-1492.15150785,0.00127713320304
9918,3.0,0.0,1.0,3.0,1.0,2.0,12.0,-1566.12625827,0.00102545902406
10829,3.0,0.0,1.0,3.0,1.0,3.0,12.0,,
60137,3.0,0.0,2.0,0.0,0.0,0.0,12.0,,
61048,3.0,0.0,2.0,0.0,0.0,1.0,12.0,,
61959,3.0,0.0,2.0,0.0,0.0,2.0,12.0,,
62870,3.0,0.0,2.0,0.0,0.0,3.0,12.0,,
89906,3.0,0.0,2.0,0.0,1.0,0.0,12.0,-1564.38973107,0.00103619282351
90817,3.0,0.0,2.0,0.0,1.0,1.0,12.0,-1581.75689532,0.000966453935451
91728,3.0,0.0,2.0,0.0,1.0,2.0,12.0,-1544.6886332,0.00115114576807
92639,3.0,0.0,2.0,0.0,1.0,3.0,12.0,,
74547,3.0,0.0,2.0,1.0,0.0,0.0,12.0,,
75458,3.0,0.0,2.0,1.0,0.0,1.0,12.0,,
76369,3.0,0.0,2.0,1.0,0.0,2.0,12.0,,
77280,3.0,0.0,2.0,1.0,0.0,3.0,12.0,,
4297,3.0,0.0,2.0,1.0,1.0,0.0,12.0,-1441.76256055,0.00145820668087
5208,3.0,0.0,2.0,1.0,1.0,1.0,12.0,-1569.79204388,0.00100786462705
6119,3.0,0.0,2.0,1.0,1.0,2.0,12.0,-1573.56526545,0.000982577172491
7030,3.0,0.0,2.0,1.0,1.0,3.0,12.0,,
88957,3.0,0.0,2.0,2.0,0.0,0.0,12.0,,
89868,3.0,0.0,2.0,2.0,0.0,1.0,12.0,,
90779,3.0,0.0,2.0,2.0,0.0,2.0,12.0,,
91690,3.0,0.0,2.0,2.0,0.0,3.0,12.0,,
18707,3.0,0.0,2.0,2.0,1.0,0.0,12.0,-1505.12367213,0.0012511307885
19618,3.0,0.0,2.0,2.0,1.0,1.0,12.0,-1488.45407282,0.00129434836211
20529,3.0,0.0,2.0,2.0,1.0,2.0,12.0,-1575.16358671,0.000981095548226
21440,3.0,0.0,2.0,2.0,1.0,3.0,12.0,,
3348,3.0,0.0,2.0,3.0,0.0,0.0,12.0,,
4259,3.0,0.0,2.0,3.0,0.0,1.0,12.0,,
5170,3.0,0.0,2.0,3.0,0.0,2.0,12.0,,
6081,3.0,0.0,2.0,3.0,0.0,3.0,12.0,,
33117,3.0,0.0,2.0,3.0,1.0,0.0,12.0,-1502.16936746,0.00124682854929
34028,3.0,0.0,2.0,3.0,1.0,1.0,12.0,-1553.29511038,0.00109473662739
34939,3.0,0.0,2.0,3.0,1.0,2.0,12.0,-1568.80021327,0.00102409319633
35850,3.0,0.0,2.0,3.0,1.0,3.0,12.0,,
85158,3.0,0.0,3.0,0.0,0.0,0.0,12.0,,
86069,3.0,0.0,3.0,0.0,0.0,1.0,12.0,,
86980,3.0,0.0,3.0,0.0,0.0,2.0,12.0,,
87891,3.0,0.0,3.0,0.0,0.0,3.0,12.0,,
14908,3.0,0.0,3.0,0.0,1.0,0.0,12.0,,
15819,3.0,0.0,3.0,0.0,1.0,1.0,12.0,,
16730,3.0,0.0,3.0,0.0,1.0,2.0,12.0,,
17641,3.0,0.0,3.0,0.0,1.0,3.0,12.0,,
99568,3.0,0.0,3.0,1.0,0.0,0.0,12.0,,
460,3.0,0.0,3.0,1.0,0.0,1.0,12.0,,
1371,3.0,0.0,3.0,1.0,0.0,2.0,12.0,,
2282,3.0,0.0,3.0,1.0,0.0,3.0,12.0,,
29318,3.0,0.0,3.0,1.0,1.0,0.0,12.0,,
30229,3.0,0.0,3.0,1.0,1.0,1.0,12.0,,
31140,3.0,0.0,3.0,1.0,1.0,2.0,12.0,,
32051,3.0,0.0,3.0,1.0,1.0,3.0,12.0,,
13959,3.0,0.0,3.0,2.0,0.0,0.0,12.0,,
14870,3.0,0.0,3.0,2.0,0.0,1.0,12.0,,
15781,3.0,0.0,3.0,2.0,0.0,2.0,12.0,,
16692,3.0,0.0,3.0,2.0,0.0,3.0,12.0,,
43728,3.0,0.0,3.0,2.0,1.0,0.0,12.0,,
44639,3.0,0.0,3.0,2.0,1.0,1.0,12.0,,
45550,3.0,0.0,3.0,2.0,1.0,2.0,12.0,,
46461,3.0,0.0,3.0,2.0,1.0,3.0,12.0,,
28369,3.0,0.0,3.0,3.0,0.0,0.0,12.0,,
29280,3.0,0.0,3.0,3.0,0.0,1.0,12.0,,
30191,3.0,0.0,3.0,3.0,0.0,2.0,12.0,,
31102,3.0,0.0,3.0,3.0,0.0,3.0,12.0,,
58138,3.0,0.0,3.0,3.0,1.0,0.0,12.0,,
59049,3.0,0.0,3.0,3.0,1.0,1.0,12.0,,
59960,3.0,0.0,3.0,3.0,1.0,2.0,12.0,,
60871,3.0,0.0,3.0,3.0,1.0,3.0,12.0,,
99913,3.0,1.0,0.0,0.0,0.0,0.0,12.0,-1174.8429216,0.00329792895411
805,3.0,1.0,0.0,0.0,0.0,1.0,12.0,-1320.93135558,0.00228201698251
1716,3.0,1.0,0.0,0.0,0.0,2.0,12.0,,
2627,3.0,1.0,0.0,0.0,0.0,3.0,12.0,,
29663,3.0,1.0,0.0,0.0,1.0,0.0,12.0,-1571.96911684,0.00105313417521
30574,3.0,1.0,0.0,0.0,1.0,1.0,12.0,-1588.72147687,0.00102090846401
31485,3.0,1.0,0.0,0.0,1.0,2.0,12.0,-1586.89356138,0.00101415369674
32396,3.0,1.0,0.0,0.0,1.0,3.0,12.0,-1582.52345267,0.00104015731322
14304,3.0,1.0,0.0,1.0,0.0,0.0,12.0,-1631.00902782,0.00102713607135
15215,3.0,1.0,0.0,1.0,0.0,1.0,12.0,-1653.52418375,0.000982316941942
16126,3.0,1.0,0.0,1.0,0.0,2.0,12.0,-1657.39669252,0.00100186731035
17037,3.0,1.0,0.0,1.0,0.0,3.0,12.0,,
44073,3.0,1.0,0.0,1.0,1.0,0.0,12.0,-1588.3335128,0.00103180118115
44984,3.0,1.0,0.0,1.0,1.0,1.0,12.0,-1586.5946581,0.00102206097179
45895,3.0,1.0,0.0,1.0,1.0,2.0,12.0,-1583.49386042,0.00101402972793
46806,3.0,1.0,0.0,1.0,1.0,3.0,12.0,-1581.06871616,0.00104259544004
28714,3.0,1.0,0.0,2.0,0.0,0.0,12.0,-1657.51287852,0.00100794031931
29625,3.0,1.0,0.0,2.0,0.0,1.0,12.0,-1654.58510067,0.000992590159266
30536,3.0,1.0,0.0,2.0,0.0,2.0,12.0,-1656.06481111,0.000998874941308
31447,3.0,1.0,0.0,2.0,0.0,3.0,12.0,,
58483,3.0,1.0,0.0,2.0,1.0,0.0,12.0,-1586.01560157,0.00102865503401
59394,3.0,1.0,0.0,2.0,1.0,1.0,12.0,-1584.45176947,0.00102034271494
60305,3.0,1.0,0.0,2.0,1.0,2.0,12.0,-1580.28010085,0.00101715009101
61216,3.0,1.0,0.0,2.0,1.0,3.0,12.0,-1588.61271356,0.00100096225192
43124,3.0,1.0,0.0,3.0,0.0,0.0,12.0,-1655.34272407,0.00100043421605
44035,3.0,1.0,0.0,3.0,0.0,1.0,12.0,-1651.87297573,0.000987659271279
44946,3.0,1.0,0.0,3.0,0.0,2.0,12.0,-1655.50881067,0.00100154353587
45857,3.0,1.0,0.0,3.0,0.0,3.0,12.0,,
72893,3.0,1.0,0.0,3.0,1.0,0.0,12.0,-1589.02063874,0.000988967676516
73804,3.0,1.0,0.0,3.0,1.0,1.0,12.0,-1588.22733512,0.000987018267379
74715,3.0,1.0,0.0,3.0,1.0,2.0,12.0,-1586.29472043,0.000987130104307
75626,3.0,1.0,0.0,3.0,1.0,3.0,12.0,-1576.88556119,0.00104257715723
24915,3.0,1.0,1.0,0.0,0.0,0.0,12.0,-1175.48551008,0.00321099549628
25826,3.0,1.0,1.0,0.0,0.0,1.0,12.0,-1319.42565264,0.00225682498629
26737,3.0,1.0,1.0,0.0,0.0,2.0,12.0,,
27648,3.0,1.0,1.0,0.0,0.0,3.0,12.0,,
54684,3.0,1.0,1.0,0.0,1.0,0.0,12.0,-1569.87171647,0.00105426657533
55595,3.0,1.0,1.0,0.0,1.0,1.0,12.0,-1586.65322322,0.00102131999952
56506,3.0,1.0,1.0,0.0,1.0,2.0,12.0,-1584.81456766,0.00101458792874
57417,3.0,1.0,1.0,0.0,1.0,3.0,12.0,-1580.44305282,0.00104046376113
39325,3.0,1.0,1.0,1.0,0.0,0.0,12.0,-1628.76136634,0.00102699504025
40236,3.0,1.0,1.0,1.0,0.0,1.0,12.0,-1644.36756433,0.000982459596306
41147,3.0,1.0,1.0,1.0,0.0,2.0,12.0,-1655.66456302,0.00100147479415
42058,3.0,1.0,1.0,1.0,0.0,3.0,12.0,,
69094,3.0,1.0,1.0,1.0,1.0,0.0,12.0,-1586.28930783,0.00103204767309
70005,3.0,1.0,1.0,1.0,1.0,1.0,12.0,-1584.52704548,0.00102247013371
70916,3.0,1.0,1.0,1.0,1.0,2.0,12.0,-1581.40567507,0.00101450171035
71827,3.0,1.0,1.0,1.0,1.0,3.0,12.0,-1578.97749933,0.00104278747892
53735,3.0,1.0,1.0,2.0,0.0,0.0,12.0,-1647.56242952,0.00100522497441
54646,3.0,1.0,1.0,2.0,0.0,1.0,12.0,-1644.47169673,0.000986225842605
55557,3.0,1.0,1.0,2.0,0.0,2.0,12.0,-1654.32547241,0.000999078846637
56468,3.0,1.0,1.0,2.0,0.0,3.0,12.0,,
83504,3.0,1.0,1.0,2.0,1.0,0.0,12.0,-1583.95605157,0.00102904172764
84415,3.0,1.0,1.0,2.0,1.0,1.0,12.0,-1582.38004812,0.00102075903039
85326,3.0,1.0,1.0,2.0,1.0,2.0,12.0,-1578.1891084,0.0010177902878
86237,3.0,1.0,1.0,2.0,1.0,3.0,12.0,-1573.44612124,0.00106104320848
68145,3.0,1.0,1.0,3.0,0.0,0.0,12.0,-1653.27514979,0.000999721045327
69056,3.0,1.0,1.0,3.0,0.0,1.0,12.0,-1652.31642542,0.000985779772418
69967,3.0,1.0,1.0,3.0,0.0,2.0,12.0,-1654.9057902,0.000988337199206
70878,3.0,1.0,1.0,3.0,0.0,3.0,12.0,,
97914,3.0,1.0,1.0,3.0,1.0,0.0,12.0,-1586.92448995,0.000989382753786
98825,3.0,1.0,1.0,3.0,1.0,1.0,12.0,-1586.14136179,0.000987360438589
99736,3.0,1.0,1.0,3.0,1.0,2.0,12.0,,0.00100369347329
628,3.0,1.0,1.0,3.0,1.0,3.0,12.0,-1574.79574423,0.00104289025796
49936,3.0,1.0,2.0,0.0,0.0,0.0,12.0,,
50847,3.0,1.0,2.0,0.0,0.0,1.0,12.0,,
51758,3.0,1.0,2.0,0.0,0.0,2.0,12.0,,
52669,3.0,1.0,2.0,0.0,0.0,3.0,12.0,,
79705,3.0,1.0,2.0,0.0,1.0,0.0,12.0,,
80616,3.0,1.0,2.0,0.0,1.0,1.0,12.0,,
81527,3.0,1.0,2.0,0.0,1.0,2.0,12.0,,
82438,3.0,1.0,2.0,0.0,1.0,3.0,12.0,,
64346,3.0,1.0,2.0,1.0,0.0,0.0,12.0,,
65257,3.0,1.0,2.0,1.0,0.0,1.0,12.0,,
66168,3.0,1.0,2.0,1.0,0.0,2.0,12.0,,
67079,3.0,1.0,2.0,1.0,0.0,3.0,12.0,,
94115,3.0,1.0,2.0,1.0,1.0,0.0,12.0,,
95026,3.0,1.0,2.0,1.0,1.0,1.0,12.0,,
95937,3.0,1.0,2.0,1.0,1.0,2.0,12.0,,
96848,3.0,1.0,2.0,1.0,1.0,3.0,12.0,,
78756,3.0,1.0,2.0,2.0,0.0,0.0,12.0,,
79667,3.0,1.0,2.0,2.0,0.0,1.0,12.0,,
80578,3.0,1.0,2.0,2.0,0.0,2.0,12.0,,
81489,3.0,1.0,2.0,2.0,0.0,3.0,12.0,,
8506,3.0,1.0,2.0,2.0,1.0,0.0,12.0,,
9417,3.0,1.0,2.0,2.0,1.0,1.0,12.0,,
10328,3.0,1.0,2.0,2.0,1.0,2.0,12.0,,
11239,3.0,1.0,2.0,2.0,1.0,3.0,12.0,,
93166,3.0,1.0,2.0,3.0,0.0,0.0,12.0,,
94077,3.0,1.0,2.0,3.0,0.0,1.0,12.0,,
94988,3.0,1.0,2.0,3.0,0.0,2.0,12.0,,
95899,3.0,1.0,2.0,3.0,0.0,3.0,12.0,,
22916,3.0,1.0,2.0,3.0,1.0,0.0,12.0,,
23827,3.0,1.0,2.0,3.0,1.0,1.0,12.0,,
24738,3.0,1.0,2.0,3.0,1.0,2.0,12.0,,
25649,3.0,1.0,2.0,3.0,1.0,3.0,12.0,,
74957,3.0,1.0,3.0,0.0,0.0,0.0,12.0,-1171.87922561,0.00325734988948
75868,3.0,1.0,3.0,0.0,0.0,1.0,12.0,-1315.60074952,0.00226582841569
76779,3.0,1.0,3.0,0.0,0.0,2.0,12.0,,
77690,3.0,1.0,3.0,0.0,0.0,3.0,12.0,,
4707,3.0,1.0,3.0,0.0,1.0,0.0,12.0,,
5618,3.0,1.0,3.0,0.0,1.0,1.0,12.0,,
6529,3.0,1.0,3.0,0.0,1.0,2.0,12.0,,
7440,3.0,1.0,3.0,0.0,1.0,3.0,12.0,,
89367,3.0,1.0,3.0,1.0,0.0,0.0,12.0,-1624.63343388,0.00103922009395
90278,3.0,1.0,3.0,1.0,0.0,1.0,12.0,-1648.48558125,0.000982532219414
91189,3.0,1.0,3.0,1.0,0.0,2.0,12.0,-1652.27669846,0.000996220764408
92100,3.0,1.0,3.0,1.0,0.0,3.0,12.0,,
19117,3.0,1.0,3.0,1.0,1.0,0.0,12.0,,
20028,3.0,1.0,3.0,1.0,1.0,1.0,12.0,,
20939,3.0,1.0,3.0,1.0,1.0,2.0,12.0,,
21850,3.0,1.0,3.0,1.0,1.0,3.0,12.0,,
3758,3.0,1.0,3.0,2.0,0.0,0.0,12.0,-1652.59558197,0.0010047797712
4669,3.0,1.0,3.0,2.0,0.0,1.0,12.0,-1648.48452076,0.000984051338308
5580,3.0,1.0,3.0,2.0,0.0,2.0,12.0,-1653.89751251,0.000983083377642
6491,3.0,1.0,3.0,2.0,0.0,3.0,12.0,,
33527,3.0,1.0,3.0,2.0,1.0,0.0,12.0,,
34438,3.0,1.0,3.0,2.0,1.0,1.0,12.0,,
35349,3.0,1.0,3.0,2.0,1.0,2.0,12.0,,
36260,3.0,1.0,3.0,2.0,1.0,3.0,12.0,,
18168,3.0,1.0,3.0,3.0,0.0,0.0,12.0,-1641.17608657,0.00100896250075
19079,3.0,1.0,3.0,3.0,0.0,1.0,12.0,-1651.65389135,0.000993860856898
19990,3.0,1.0,3.0,3.0,0.0,2.0,12.0,-1651.41638832,0.000993970672811
20901,3.0,1.0,3.0,3.0,0.0,3.0,12.0,,
47937,3.0,1.0,3.0,3.0,1.0,0.0,12.0,,
48848,3.0,1.0,3.0,3.0,1.0,1.0,12.0,,
49759,3.0,1.0,3.0,3.0,1.0,2.0,12.0,,
50670,3.0,1.0,3.0,3.0,1.0,3.0,12.0,,
89712,3.0,2.0,0.0,0.0,0.0,0.0,12.0,-1085.61167284,0.00442736168152
90623,3.0,2.0,0.0,0.0,0.0,1.0,12.0,-1246.36633876,0.00272937581985
91534,3.0,2.0,0.0,0.0,0.0,2.0,12.0,-1277.78546177,0.00255928087368
92445,3.0,2.0,0.0,0.0,0.0,3.0,12.0,,
19462,3.0,2.0,0.0,0.0,1.0,0.0,12.0,-1522.14954677,0.00338420160634
20373,3.0,2.0,0.0,0.0,1.0,1.0,12.0,-1528.39977321,0.00336438995658
21284,3.0,2.0,0.0,0.0,1.0,2.0,12.0,-1528.42195509,0.00335108176674
22195,3.0,2.0,0.0,0.0,1.0,3.0,12.0,-1524.43817539,0.003356910437
4103,3.0,2.0,0.0,1.0,0.0,0.0,12.0,-1576.47209925,0.00112654526008
5014,3.0,2.0,0.0,1.0,0.0,1.0,12.0,-1580.30541425,0.00113982816306
5925,3.0,2.0,0.0,1.0,0.0,2.0,12.0,-1613.77852432,0.00109693210381
6836,3.0,2.0,0.0,1.0,0.0,3.0,12.0,,
33872,3.0,2.0,0.0,1.0,1.0,0.0,12.0,-1540.83611899,0.00335120205016
34783,3.0,2.0,0.0,1.0,1.0,1.0,12.0,-1526.00281293,0.00336664207739
35694,3.0,2.0,0.0,1.0,1.0,2.0,12.0,-1520.72498099,0.00336472302074
36605,3.0,2.0,0.0,1.0,1.0,3.0,12.0,-1520.01406263,0.00336435097944
18513,3.0,2.0,0.0,2.0,0.0,0.0,12.0,-1604.38388446,0.00112959892331
19424,3.0,2.0,0.0,2.0,0.0,1.0,12.0,-1605.45188987,0.0011150034693
20335,3.0,2.0,0.0,2.0,0.0,2.0,12.0,-1610.56305455,0.00110908742588
21246,3.0,2.0,0.0,2.0,0.0,3.0,12.0,,
48282,3.0,2.0,0.0,2.0,1.0,0.0,12.0,-1535.4032405,0.00334998881716
49193,3.0,2.0,0.0,2.0,1.0,1.0,12.0,-1523.90328723,0.00336334957708
50104,3.0,2.0,0.0,2.0,1.0,2.0,12.0,-1519.1942872,0.00336431533901
51015,3.0,2.0,0.0,2.0,1.0,3.0,12.0,-1518.51498507,0.00336798340592
32923,3.0,2.0,0.0,3.0,0.0,0.0,12.0,-1590.46761554,0.00115363766337
33834,3.0,2.0,0.0,3.0,0.0,1.0,12.0,-1606.56194448,0.00110335749808
34745,3.0,2.0,0.0,3.0,0.0,2.0,12.0,-1603.98645315,0.00111838217743
35656,3.0,2.0,0.0,3.0,0.0,3.0,12.0,,
62692,3.0,2.0,0.0,3.0,1.0,0.0,12.0,-1529.79657745,0.00336599682593
63603,3.0,2.0,0.0,3.0,1.0,1.0,12.0,-1522.55615572,0.00337509880379
64514,3.0,2.0,0.0,3.0,1.0,2.0,12.0,-1524.75746486,0.00337307988175
65425,3.0,2.0,0.0,3.0,1.0,3.0,12.0,-1533.40815768,0.00332965611902
14714,3.0,2.0,1.0,0.0,0.0,0.0,12.0,-1175.54338905,0.00354332330267
15625,3.0,2.0,1.0,0.0,0.0,1.0,12.0,-1306.06365992,0.00235684588344
16536,3.0,2.0,1.0,0.0,0.0,2.0,12.0,-1352.23541965,0.00211497595486
17447,3.0,2.0,1.0,0.0,0.0,3.0,12.0,,
44483,3.0,2.0,1.0,0.0,1.0,0.0,12.0,-1534.63357382,0.00333218691489
45394,3.0,2.0,1.0,0.0,1.0,1.0,12.0,-1560.62188096,0.00326191216908
46305,3.0,2.0,1.0,0.0,1.0,2.0,12.0,-1539.41439762,0.00330903970675
47216,3.0,2.0,1.0,0.0,1.0,3.0,12.0,-1535.59463354,0.00331568343449
29124,3.0,2.0,1.0,1.0,0.0,0.0,12.0,-1589.78167895,0.00110137383184
30035,3.0,2.0,1.0,1.0,0.0,1.0,12.0,-1628.76624005,0.000991683804989
30946,3.0,2.0,1.0,1.0,0.0,2.0,12.0,-1609.95748798,0.00107915324824
31857,3.0,2.0,1.0,1.0,0.0,3.0,12.0,,
58893,3.0,2.0,1.0,1.0,1.0,0.0,12.0,-1553.2242476,0.0033063159112
59804,3.0,2.0,1.0,1.0,1.0,1.0,12.0,-1538.54210435,0.00331383982743
60715,3.0,2.0,1.0,1.0,1.0,2.0,12.0,-1531.33626575,0.00332708097118
61626,3.0,2.0,1.0,1.0,1.0,3.0,12.0,-1530.58652468,0.00332446188625
43534,3.0,2.0,1.0,2.0,0.0,0.0,12.0,-1622.17163677,0.00106612354272
44445,3.0,2.0,1.0,2.0,0.0,1.0,12.0,-1630.81664409,0.00103010393527
45356,3.0,2.0,1.0,2.0,0.0,2.0,12.0,-1642.11154298,0.00100227242682
46267,3.0,2.0,1.0,2.0,0.0,3.0,12.0,,
73303,3.0,2.0,1.0,2.0,1.0,0.0,12.0,-1547.9419233,0.00329904370201
74214,3.0,2.0,1.0,2.0,1.0,1.0,12.0,-1536.07393156,0.00331378563815
75125,3.0,2.0,1.0,2.0,1.0,2.0,12.0,-1547.93966618,0.00329151379513
76036,3.0,2.0,1.0,2.0,1.0,3.0,12.0,-1528.4939685,0.00332453202531
57944,3.0,2.0,1.0,3.0,0.0,0.0,12.0,-1631.22423692,0.00102892590248
58855,3.0,2.0,1.0,3.0,0.0,1.0,12.0,-1629.71227213,0.00102554370193
59766,3.0,2.0,1.0,3.0,0.0,2.0,12.0,-1634.4353213,0.00102006710213
60677,3.0,2.0,1.0,3.0,0.0,3.0,12.0,,
87713,3.0,2.0,1.0,3.0,1.0,0.0,12.0,-1542.12056916,0.00330686541255
88624,3.0,2.0,1.0,3.0,1.0,1.0,12.0,-1534.59276175,0.00331778056285
89535,3.0,2.0,1.0,3.0,1.0,2.0,12.0,-1532.63338858,0.00332012389151
90446,3.0,2.0,1.0,3.0,1.0,3.0,12.0,-1540.26147248,0.00329066729889
39735,3.0,2.0,2.0,0.0,0.0,0.0,12.0,,
40646,3.0,2.0,2.0,0.0,0.0,1.0,12.0,,
41557,3.0,2.0,2.0,0.0,0.0,2.0,12.0,,
42468,3.0,2.0,2.0,0.0,0.0,3.0,12.0,,
69504,3.0,2.0,2.0,0.0,1.0,0.0,12.0,-1541.09177213,0.00330281035169
70415,3.0,2.0,2.0,0.0,1.0,1.0,12.0,-1547.99194193,0.00328142174404
71326,3.0,2.0,2.0,0.0,1.0,2.0,12.0,-1546.05287326,0.00328291851649
72237,3.0,2.0,2.0,0.0,1.0,3.0,12.0,-1541.56503038,0.00329420571127
54145,3.0,2.0,2.0,1.0,0.0,0.0,12.0,,
55056,3.0,2.0,2.0,1.0,0.0,1.0,12.0,,
55967,3.0,2.0,2.0,1.0,0.0,2.0,12.0,,
56878,3.0,2.0,2.0,1.0,0.0,3.0,12.0,,
83914,3.0,2.0,2.0,1.0,1.0,0.0,12.0,,0.00329346694053
84825,3.0,2.0,2.0,1.0,1.0,1.0,12.0,-1545.75086435,0.00328241118448
85736,3.0,2.0,2.0,1.0,1.0,2.0,12.0,-1561.86461724,0.00325421016441
86647,3.0,2.0,2.0,1.0,1.0,3.0,12.0,-1536.78761544,0.0033036372552
68555,3.0,2.0,2.0,2.0,0.0,0.0,12.0,,
69466,3.0,2.0,2.0,2.0,0.0,1.0,12.0,,
70377,3.0,2.0,2.0,2.0,0.0,2.0,12.0,,
71288,3.0,2.0,2.0,2.0,0.0,3.0,12.0,,
98324,3.0,2.0,2.0,2.0,1.0,0.0,12.0,-1556.46401933,0.00327063260873
99235,3.0,2.0,2.0,2.0,1.0,1.0,12.0,-1543.06550887,0.00328290358875
127,3.0,2.0,2.0,2.0,1.0,2.0,12.0,-1535.58770957,0.00331027870132
1038,3.0,2.0,2.0,2.0,1.0,3.0,12.0,-1534.59265502,0.00329811100912
82965,3.0,2.0,2.0,3.0,0.0,0.0,12.0,,
83876,3.0,2.0,2.0,3.0,0.0,1.0,12.0,,
84787,3.0,2.0,2.0,3.0,0.0,2.0,12.0,,
85698,3.0,2.0,2.0,3.0,0.0,3.0,12.0,,
12715,3.0,2.0,2.0,3.0,1.0,0.0,12.0,-1549.54981267,0.00328653238938
13626,3.0,2.0,2.0,3.0,1.0,1.0,12.0,-1541.45062272,0.00329883889195
14537,3.0,2.0,2.0,3.0,1.0,2.0,12.0,-1542.76145302,0.00330522791764
15448,3.0,2.0,2.0,3.0,1.0,3.0,12.0,-1555.92628336,0.0032416694465
64756,3.0,2.0,3.0,0.0,0.0,0.0,12.0,,
65667,3.0,2.0,3.0,0.0,0.0,1.0,12.0,,
66578,3.0,2.0,3.0,0.0,0.0,2.0,12.0,,
67489,3.0,2.0,3.0,0.0,0.0,3.0,12.0,,
94525,3.0,2.0,3.0,0.0,1.0,0.0,12.0,-1542.97774979,0.00329313430733
95436,3.0,2.0,3.0,0.0,1.0,1.0,12.0,-1549.98728806,0.00326972360801
96347,3.0,2.0,3.0,0.0,1.0,2.0,12.0,-1548.23188814,0.00327064088378
97258,3.0,2.0,3.0,0.0,1.0,3.0,12.0,-1543.77045758,0.00328235992973
79166,3.0,2.0,3.0,1.0,0.0,0.0,12.0,,
80077,3.0,2.0,3.0,1.0,0.0,1.0,12.0,,
80988,3.0,2.0,3.0,1.0,0.0,2.0,12.0,,
81899,3.0,2.0,3.0,1.0,0.0,3.0,12.0,,
8916,3.0,2.0,3.0,1.0,1.0,0.0,12.0,-1564.99976188,0.00325724088753
9827,3.0,2.0,3.0,1.0,1.0,1.0,12.0,-1550.43469746,0.0032672553377
10738,3.0,2.0,3.0,1.0,1.0,2.0,12.0,-1564.56955744,0.00322987878665
11649,3.0,2.0,3.0,1.0,1.0,3.0,12.0,-1563.85227595,0.00322667169365
93576,3.0,2.0,3.0,2.0,0.0,0.0,12.0,,
94487,3.0,2.0,3.0,2.0,0.0,1.0,12.0,,
95398,3.0,2.0,3.0,2.0,0.0,2.0,12.0,,
96309,3.0,2.0,3.0,2.0,0.0,3.0,12.0,,
23326,3.0,2.0,3.0,2.0,1.0,0.0,12.0,-1558.53855361,0.00325968664757
24237,3.0,2.0,3.0,2.0,1.0,1.0,12.0,-1545.10314704,0.0032702759769
25148,3.0,2.0,3.0,2.0,1.0,2.0,12.0,-1537.91490531,0.0032969045893
26059,3.0,2.0,3.0,2.0,1.0,3.0,12.0,-1536.78802554,0.00329483767151
7967,3.0,2.0,3.0,3.0,0.0,0.0,12.0,,
8878,3.0,2.0,3.0,3.0,0.0,1.0,12.0,,
9789,3.0,2.0,3.0,3.0,0.0,2.0,12.0,,
10700,3.0,2.0,3.0,3.0,0.0,3.0,12.0,,
37736,3.0,2.0,3.0,3.0,1.0,0.0,12.0,-1551.15820352,0.00327989481415
38647,3.0,2.0,3.0,3.0,1.0,1.0,12.0,-1543.07992498,0.00329222761723
39558,3.0,2.0,3.0,3.0,1.0,2.0,12.0,-1544.52312926,0.00329736112031
40469,3.0,2.0,3.0,3.0,1.0,3.0,12.0,-1551.07408152,0.00325243654306
